type,name,notice,furigana
プラスチックごみ/古紙/古繊維/金属類,IHクッキングヒーター(金属),,あ
プラスチックごみ/古紙/古繊維/金属類,ＩＣレコーダー(金属),,あ
資源,アイスクリームのカップ容器(容プラ)プラスチック製,プラスチック製 ,あ
可燃ごみ,アイスクリームのカップ容器紙製,紙製 ,あ
可燃ごみ,アイスノン,,あ
プラスチックごみ/古紙/古繊維/金属類,アイスピック(埋立),紙で包み「危険」と表示、他のごみと分ける,あ
プラスチックごみ/古紙/古繊維/金属類,アイロン(金属),,あ
プラスチックごみ/古紙/古繊維/金属類,アイロン台(金属)80％以上金属製,80％以上金属製 ,あ
可燃ごみ,アイロン台金属部分80％未満　70cm以下　足がついてないもの,金属部分80％未満　70cm以下　足がついてないもの ,あ
プラスチックごみ/古紙/古繊維/金属類,アイロン台(埋立)金属部分80％未満　70cm以上,金属部分80％未満　70cm以上 ,あ
有料粗大ごみ,アコーディオンカーテン70cm超える,70cm超える ,あ
プラスチックごみ/古紙/古繊維/金属類,アコーディオンカーテン(埋立)70cm以下,70cm以下 ,あ
プラスチックごみ/古紙/古繊維/金属類,足こぎ四輪車（幼児用）(金属)80％以上金属製,80％以上金属製 「不用品」と表示,あ
プラスチックごみ/古紙/古繊維/金属類,足こぎ四輪車（幼児用）(金属)電動,電動 「不用品」と表示,あ
可燃ごみ,足こぎ四輪車（幼児用）金属部分80％未満　電動以外　70cm以下,金属部分80％未満　電動以外　70cm以下 「不用品」と表示,あ
有料粗大ごみ,足ふきマット70cm超える,70cm超える 広げた状態の大きさで区分,あ
可燃ごみ,足ふきマット70cm以下,70cm以下 広げた状態の大きさで区分,あ
プラスチックごみ/古紙/古繊維/金属類,アダプター（各種電気製品用）(金属),,あ
あきびん,油（食用）のボトルガラス製,ガラス製 キャップを外し洗う,あ
資源,油（食用）のボトル(容プラ)プラスチック製,プラスチック製 キャップを外し洗う,あ
プラスチックごみ/古紙/古繊維/金属類,雨どい(埋立)70cm超える,70cm超える ,あ
可燃ごみ,雨どい70cm以下,70cm以下 ,あ
プラスチックごみ/古紙/古繊維/金属類,編み機(金属),,あ
プラスチックごみ/古紙/古繊維/金属類,網戸(金属)80％以上金属製,80％以上金属製 増改築に伴うものは請負業者で処分,あ
プラスチックごみ/古紙/古繊維/金属類,網戸(埋立)金属部分80％未満,金属部分80％未満 増改築に伴うものは請負業者で処分,あ
可燃ごみ,アルバム,金具類はなるべく外し金属ごみへ,あ
資源,アルミ缶(あき缶),ひと洗い・つぶさない・異物を入れない,あ
プラスチックごみ/古紙/古繊維/金属類,アルミサッシ(金属),増改築に伴うものは請負業者で処分,あ
可燃ごみ,アルミ箔,,あ
可燃ごみ,アルミ箔の芯,,あ
プラスチックごみ/古紙/古繊維/金属類,アルミホイール（自動車用）(金属),タイヤは市で収集不可,あ
プラスチックごみ/古紙/古繊維/金属類,泡立て器(金属),,あ
プラスチックごみ/古紙/古繊維/金属類,安全ピン(金属)80％以上金属製,80％以上金属製 ,あ
可燃ごみ,安全ピン金属部分80％未満,金属部分80％未満 ,あ
プラスチックごみ/古紙/古繊維/金属類,アンテナ（テレビ・BS・CSなど）(金属),,あ
プラスチックごみ/古紙/古繊維/金属類,アンプ(金属),,あ
プラスチックごみ/古紙/古繊維/金属類,ＥＴＣ車載ユニット(金属),,い
市で収集しない,石,専門業者で処分,い
プラスチックごみ/古紙/古繊維/金属類,衣装掛け(金属)80％以上金属製,80％以上金属製 ,い
有料粗大ごみ,衣装掛け金属部分80％未満　70cm超える,金属部分80％未満　70cm超える ,い
可燃ごみ,衣装掛け金属部分80％未満　70cm以下,金属部分80％未満　70cm以下 ,い
プラスチックごみ/古紙/古繊維/金属類,衣装ケース(金属)80％以上金属製,80％以上金属製 ,い
有料粗大ごみ,衣装ケース金属部分80％未満　70cm超える,金属部分80％未満　70cm超える ,い
可燃ごみ,衣装ケース金属部分80％未満　70cm以下,金属部分80％未満　70cm以下 ,い
プラスチックごみ/古紙/古繊維/金属類,いす(金属)80％以上金属製,80％以上金属製 ,い
有料粗大ごみ,いす金属部分80％未満　70cm超える,金属部分80％未満　70cm超える ,い
可燃ごみ,いす金属部分80％未満　70cm以下,金属部分80％未満　70cm以下 ,い
プラスチックごみ/古紙/古繊維/金属類,板ガラス(埋立),,い
プラスチックごみ/古紙/古繊維/金属類,板きれ(埋立)70cm超える,70cm超える 増改築に伴うものは請負業者で処分,い
可燃ごみ,板きれ70cm以下,70cm以下 太さ10cm程度・ひもで束ね１回３束程度まで、多い場合は有料戸別収集,い
資源,いちごケース(容プラ),,い
プラスチックごみ/古紙/古繊維/金属類,一輪車(金属),「不用品」と表示,い
あきびん,一升びん,酒屋さんなどへ返却・キャップを外し洗う,い
可燃ごみ,衣類,,い
市で収集しない,衣類乾燥機,郵便局で家電リサイクル券を購入、指定引取場所へ,い
プラスチックごみ/古紙/古繊維/金属類,衣類乾燥機台(金属),,い
可燃ごみ,インクカートリッジ,なるべく販売店で引取,い
可燃ごみ,インクリボン,なるべく販売店で引取,い
資源,インスタント食品のプラスチック容器(容プラ),,い
資源,インスタントラーメンの袋(容プラ),,い
プラスチックごみ/古紙/古繊維/金属類,インテリアライト(金属),,い
あきびん,ウィスキーのびん,キャップを外し洗う,う
プラスチックごみ/古紙/古繊維/金属類,ウインドファン(金属),窓用エアコンは郵便局で家電リサイクル券を購入、指定引取場所へ,う
プラスチックごみ/古紙/古繊維/金属類,植木台(金属)80％以上金属製,80％以上金属製 ,う
プラスチックごみ/古紙/古繊維/金属類,植木台(埋立)金属部分80％未満　70cm超える,金属部分80％未満　70cm超える ,う
可燃ごみ,植木台金属部分80％未満　70cm以下,金属部分80％未満　70cm以下 ,う
プラスチックごみ/古紙/古繊維/金属類,植木鉢(埋立)陶器製,陶器製 ,う
可燃ごみ,植木鉢プラスチック製,プラスチック製 ,う
資源,植木鉢(容プラ)苗木ポット,苗木ポット 洗って土を落とす,う
プラスチックごみ/古紙/古繊維/金属類,ウォーキングマシン(金属),,う
資源,ウォーターサーバー(フロン),「フロン回収製品」または「冷水器」と表示,う
プラスチックごみ/古紙/古繊維/金属類,ウォシュレット(金属),増改築に伴うものは請負業者で処分,う
プラスチックごみ/古紙/古繊維/金属類,浮き輪(埋立)70cm超える,70cm超える 空気を抜いて,う
可燃ごみ,浮き輪70cm以下,70cm以下 空気を抜いて,う
市で収集しない,臼55㎏以上,55㎏以上 購入店または専門業者で処分,う
プラスチックごみ/古紙/古繊維/金属類,臼(埋立)55㎏未満,55㎏未満 ,う
有料粗大ごみ,ウッドカーペット70cm超える,70cm超える 広げた状態の大きさで区分,う
可燃ごみ,ウッドカーペット70cm以下,70cm以下 広げた状態の大きさで区分,う
有料粗大ごみ,乳母車70cm超える,70cm超える ,う
プラスチックごみ/古紙/古繊維/金属類,乳母車(埋立)70cm以下,70cm以下 ,う
プラスチックごみ/古紙/古繊維/金属類,運搬用一輪車(金属),,う
プラスチックごみ/古紙/古繊維/金属類,ＡＣアダプタ－(金属),,え
プラスチックごみ/古紙/古繊維/金属類,ＭＤプレーヤー(金属),,え
市で収集しない,エアコン,郵便局で家電リサイクル券を購入、指定引取場所へ,え
市で収集しない,液晶ディスプレイ（パソコン用）,各製造メーカーで処分または市の資源搬入コーナーに持込み,え
市で収集しない,液晶テレビ,郵便局で家電リサイクル券を購入、指定引取場所へ,え
プラスチックごみ/古紙/古繊維/金属類,枝きれ（７０㎝超）(埋立)70cm超える,70cm超える ひもで束ね１回３束程度まで、多い場合は有料戸別収集,え
可燃ごみ,枝きれ（７０㎝超）70cm以下,70cm以下 太さ10cm程度・ひもで束ね１回３束程度まで、多い場合は有料戸別収集,え
資源,枝豆のネット(容プラ),,え
プラスチックごみ/古紙/古繊維/金属類,ＬＥＤ蛍光灯・ＬＥＤ電球(埋立),※LEDは水銀不使用,え
市で収集しない,エンジンオイル,専門業者で処分　廃油処理箱（専用処理をしたもの）は可燃ごみへ,え
プラスチックごみ/古紙/古繊維/金属類,縁台(金属)80％以上金属製,80％以上金属製 ,え
プラスチックごみ/古紙/古繊維/金属類,縁台(埋立)金属部分80％未満　70cm超える,金属部分80％未満　70cm超える ,え
可燃ごみ,縁台金属部分80％未満　70cm以下,金属部分80％未満　70cm以下 ,え
プラスチックごみ/古紙/古繊維/金属類,延長コード(金属),,え
プラスチックごみ/古紙/古繊維/金属類,煙突（ストーブ用）(金属)80％以上金属製,80％以上金属製 ,え
プラスチックごみ/古紙/古繊維/金属類,鉛筆削り(金属)電動,電動 ,え
可燃ごみ,鉛筆削り電動以外,電動以外 ,え
市で収集しない,オイル（エンジン等）,専門業者で処分　廃油処理箱（専用処理をしたもの）は可燃ごみへ,お
プラスチックごみ/古紙/古繊維/金属類,オイル缶(金属),中身残留は収集不可　専門業者で処分,お
プラスチックごみ/古紙/古繊維/金属類,オイルヒーター(金属),オイル残留でも収集,お
市で収集しない,大型金庫,購入店または専門業者で処分,お
資源,王冠(あき缶)80％以上金属製,80％以上金属製 ,お
資源,王冠(容プラ)プラスチック製,プラスチック製 ,お
プラスチックごみ/古紙/古繊維/金属類,オーディオラック(金属)80％以上金属製,80％以上金属製 ,お
有料粗大ごみ,オーディオラック金属部分80％未満　70cm超える,金属部分80％未満　70cm超える ,お
可燃ごみ,オーディオラック金属部分80％未満　70cm以下,金属部分80％未満　70cm以下 ,お
プラスチックごみ/古紙/古繊維/金属類,オーブン(金属),,お
プラスチックごみ/古紙/古繊維/金属類,オーブントースター(金属),,お
プラスチックごみ/古紙/古繊維/金属類,オーブンレンジ(金属),,お
プラスチックごみ/古紙/古繊維/金属類,お菓子の缶(金属)25cm以上,25cm以上 ,お
資源,お菓子の缶(あき缶)25cm未満,25cm未満 ,お
プラスチックごみ/古紙/古繊維/金属類,桶(金属)80％以上金属製,80％以上金属製 ,お
プラスチックごみ/古紙/古繊維/金属類,桶(埋立)70cm超える,70cm超える ,お
可燃ごみ,桶70cm以下,70cm以下 ,お
有料粗大ごみ,押し入れだんす70cm超える,70cm超える ,お
可燃ごみ,押し入れだんす70cm以下,70cm以下 ,お
プラスチックごみ/古紙/古繊維/金属類,押しピン(金属)80％以上金属製,80％以上金属製 封筒などにいれ、｢危険｣と表示　　,お
プラスチックごみ/古紙/古繊維/金属類,押しピン(埋立)頭がプラスチックのもの,頭がプラスチックのもの 封筒などにいれ、｢危険｣と表示　　,お
可燃ごみ,落ち葉,１回３袋程度まで・多い場合は有料戸別収集,お
可燃ごみ,おまる(幼児用）,汚物はトイレへ,お
可燃ごみ,おむつ,汚物はトイレへ,お
プラスチックごみ/古紙/古繊維/金属類,おもちゃ(金属)80％以上金属製,80％以上金属製 ,お
プラスチックごみ/古紙/古繊維/金属類,おもちゃ(金属)電動,電動 ,お
プラスチックごみ/古紙/古繊維/金属類,おもちゃ(埋立)金属部分80％未満　電動以外　70cm超える,金属部分80％未満　電動以外　70cm超える ,お
可燃ごみ,おもちゃ金属部分80％未満　電動以外　70cm以下,金属部分80％未満　電動以外　70cm以下 ,お
プラスチックごみ/古紙/古繊維/金属類,折りたたみいす(金属)80％以上金属製,80％以上金属製 ,お
有料粗大ごみ,折りたたみいす金属部分80％未満　70cm超える,金属部分80％未満　70cm超える ,お
可燃ごみ,折りたたみいす金属部分80％未満　70cm以下,金属部分80％未満　70cm以下 ,お
プラスチックごみ/古紙/古繊維/金属類,折りたたみテーブル(金属)80％以上金属製,80％以上金属製 ,お
有料粗大ごみ,折りたたみテーブル金属部分80％未満　70cm超える,金属部分80％未満　70cm超える ,お
プラスチックごみ/古紙/古繊維/金属類,折りたたみテーブル(埋立)金属部分80％未満　70cm以下　ガラス製,金属部分80％未満　70cm以下　ガラス製 ,お
可燃ごみ,折りたたみテーブル金属部分80％未満　70cm以下　ガラス製以外,金属部分80％未満　70cm以下　ガラス製以外 ,お
有料粗大ごみ,オルガン70cm超える,70cm超える ,お
プラスチックごみ/古紙/古繊維/金属類,オルガン(埋立)70cm以下,70cm以下 ,お
プラスチックごみ/古紙/古繊維/金属類,オルゴール(金属)80％以上金属製,80％以上金属製 ,お
プラスチックごみ/古紙/古繊維/金属類,オルゴール(埋立)金属部分80％未満,金属部分80％未満 ,お
プラスチックごみ/古紙/古繊維/金属類,温水洗浄機付便座(金属),増改築に伴うものは請負業者で処分,お
資源,温度計(水銀)水銀を含む,水銀を含む ,お
プラスチックごみ/古紙/古繊維/金属類,温度計(金属)水銀を含まない,水銀を含まない ,お
プラスチックごみ/古紙/古繊維/金属類,温風機(金属),,お
市で収集しない,温冷庫,郵便局で家電リサイクル券を購入、指定引取場所へ,お
プラスチックごみ/古紙/古繊維/金属類,カーカラーテレビ(金属),,か
プラスチックごみ/古紙/古繊維/金属類,カーＣＤプレーヤー(金属),,か
プラスチックごみ/古紙/古繊維/金属類,カーステレオ(金属),,か
プラスチックごみ/古紙/古繊維/金属類,カーテン(埋立)70cm超える,70cm超える 広げた状態の大きさで区分,か
可燃ごみ,カーテン70cm以下,70cm以下 広げた状態の大きさで区分,か
プラスチックごみ/古紙/古繊維/金属類,カーテンレール(金属)80％以上金属製,80％以上金属製 ,か
有料粗大ごみ,カーテンレール金属部分80％未満　70cm超える,金属部分80％未満　70cm超える ,か
可燃ごみ,カーテンレール金属部分80％未満　70cm以下,金属部分80％未満　70cm以下 ,か
プラスチックごみ/古紙/古繊維/金属類,カーナビゲーションシステム(金属),,か
有料粗大ごみ,カーペット70cm超える,70cm超える 広げた状態の大きさで区分,か
可燃ごみ,カーペット70cm以下,70cm以下 広げた状態の大きさで区分,か
可燃ごみ,カーボン紙,,か
プラスチックごみ/古紙/古繊維/金属類,カーラジオ(金属),,か
可燃ごみ,貝殻食べ残し,食べ残し ,か
プラスチックごみ/古紙/古繊維/金属類,貝殻(埋立)置物等　食べ残し以外,置物等　食べ残し以外 ,か
プラスチックごみ/古紙/古繊維/金属類,懐中電灯(金属),電池はとる,か
プラスチックごみ/古紙/古繊維/金属類,回転ハンガー(金属)80％以上金属製,80％以上金属製 ,か
有料粗大ごみ,回転ハンガー金属部分80％未満　70cm超える,金属部分80％未満　70cm超える ,か
可燃ごみ,回転ハンガー金属部分80％未満　70cm以下,金属部分80％未満　70cm以下 ,か
プラスチックごみ/古紙/古繊維/金属類,カイロ（懐炉）(金属)80％以上金属製,80％以上金属製 ,か
プラスチックごみ/古紙/古繊維/金属類,カイロ（懐炉）(埋立)使い捨て,使い捨て ,か
有料粗大ごみ,鏡70cm超える,70cm超える ,か
プラスチックごみ/古紙/古繊維/金属類,鏡(埋立)70cm以下,70cm以下 ,か
プラスチックごみ/古紙/古繊維/金属類,学習机(金属)80％以上金属製,80％以上金属製 ,か
有料粗大ごみ,学習机金属部分80％未満　70cm超える,金属部分80％未満　70cm超える ,か
可燃ごみ,学習机金属部分80％未満　70cm以下,金属部分80％未満　70cm以下 ,か
プラスチックごみ/古紙/古繊維/金属類,額縁(金属)80％以上金属製,80％以上金属製 ,か
プラスチックごみ/古紙/古繊維/金属類,額縁(埋立)金属部分80％未満,金属部分80％未満 はめ込み板がプラスチック製であれば、可燃ごみ,か
プラスチックごみ/古紙/古繊維/金属類,傘,中棒（シャフト）が金属製以外のものは、埋立ごみ,か
可燃ごみ,傘立てプラスチック製,プラスチック製 ,か
プラスチックごみ/古紙/古繊維/金属類,傘立て(埋立)陶器製,陶器製 ,か
プラスチックごみ/古紙/古繊維/金属類,傘立て(金属)80％以上金属製,80％以上金属製 ,か
可燃ごみ,傘の布ビニール製,ビニール製 ,か
プラスチックごみ/古紙/古繊維/金属類,傘のほね(金属)金属製,金属製 ,か
プラスチックごみ/古紙/古繊維/金属類,加湿器(金属),,か
資源,菓子の袋(容プラ),裏が銀色でも対象,か
資源,菓子のプラスチック容器(容プラ),汚れがとれないものは、可燃ごみ,か
可燃ごみ,菓子箱,各校下・地区の集団回収もご利用ください,か
プラスチックごみ/古紙/古繊維/金属類,ガスオーブン・ガスオーブンレンジ(金属),,か
プラスチックごみ/古紙/古繊維/金属類,ガス釜(金属),,か
プラスチックごみ/古紙/古繊維/金属類,ガスコンロ(金属),,か
プラスチックごみ/古紙/古繊維/金属類,ガスストーブ(金属),,か
プラスチックごみ/古紙/古繊維/金属類,ガス台(金属)80％以上金属製,80％以上金属製 ,か
有料粗大ごみ,ガス台金属部分80％未満　70cm超える,金属部分80％未満　70cm超える ,か
プラスチックごみ/古紙/古繊維/金属類,ガス台(埋立)金属部分80％未満　70cm以下,金属部分80％未満　70cm以下 ,か
プラスチックごみ/古紙/古繊維/金属類,ガステーブル(金属),,か
プラスチックごみ/古紙/古繊維/金属類,ガスレンジ(金属),電池はとる,か
プラスチックごみ/古紙/古繊維/金属類,カセットコンロ(金属),ボンベは外す,か
可燃ごみ,カセットテープ,,か
可燃ごみ,カセットテープのケース,,か
プラスチックごみ/古紙/古繊維/金属類,カセットデッキ(金属),,か
資源,カセットボンベ(スプレー),使い切って火気のない屋外で穴をあける,か
市で収集しない,ガソリン,専門業者で処分,か
プラスチックごみ/古紙/古繊維/金属類,カッターナイフ(金属),紙で包み「危険」と表示、他のごみと分ける,か
あきびん,カップ酒のびん,キャップを外し洗う,か
資源,カップ麺の包装フィルム(容プラ),,か
資源,カップ麺の容器(容プラ)プラスチック製,プラスチック製 ,か
可燃ごみ,カップ麺の容器プラスチック製以外,プラスチック製以外 ,か
可燃ごみ,かつら,,か
プラスチックごみ/古紙/古繊維/金属類,家庭用焼却炉(金属)80％以上金属製,80％以上金属製 ,か
有料粗大ごみ,家庭用焼却炉金属部分80％未満　70cm超える,金属部分80％未満　70cm超える ,か
プラスチックごみ/古紙/古繊維/金属類,家庭用焼却炉(埋立)金属部分80％未満　70cm以下,金属部分80％未満　70cm以下 ,か
プラスチックごみ/古紙/古繊維/金属類,金網（バーベキュー用）(金属),,か
プラスチックごみ/古紙/古繊維/金属類,かなづち(金属)80％以上金属製,80％以上金属製 ,か
プラスチックごみ/古紙/古繊維/金属類,かなづち(埋立)金属部分80％未満,金属部分80％未満 ,か
プラスチックごみ/古紙/古繊維/金属類,かばん（アタッシュケース）(金属)80％以上金属製,80％以上金属製 ,か
可燃ごみ,かばん（アタッシュケース）革製,革製 ,か
可燃ごみ,かばん（アタッシュケース）ナイロン製,ナイロン製 ,か
可燃ごみ,かばん（アタッシュケース）ビニール製,ビニール製 塩化ビニル製は埋立ごみへ,か
可燃ごみ,かばん（アタッシュケース）金属部分80％未満　革製、ナイロン製、ビニール製以外,金属部分80％未満　革製、ナイロン製、ビニール製以外 ,か
プラスチックごみ/古紙/古繊維/金属類,花瓶(埋立),,か
プラスチックごみ/古紙/古繊維/金属類,鎌(金属)80％以上金属製,80％以上金属製 紙で包み「危険」と表示、他のごみと分ける,か
プラスチックごみ/古紙/古繊維/金属類,鎌(埋立)金属部分80％未満,金属部分80％未満 紙で包み「危険」と表示、他のごみと分ける,か
可燃ごみ,紙おむつ,汚物はトイレへ,か
可燃ごみ,紙くず,,か
プラスチックごみ/古紙/古繊維/金属類,カミソリ(金属)80％以上金属製,80％以上金属製 紙で包み「危険」と表示、他のごみと分ける,か
可燃ごみ,カミソリ金属部分80％未満,金属部分80％未満 ,か
プラスチックごみ/古紙/古繊維/金属類,神棚(埋立)70cm超える,70cm超える ,か
可燃ごみ,神棚70cm以下,70cm以下 ,か
可燃ごみ,紙パック裏がアルミ処理のもの,裏がアルミ処理のもの ,か
可燃ごみ,紙パック裏がアルミ処理ではないもの,裏がアルミ処理ではないもの 各校下・地区の集団回収もご利用ください（洗って切り開き乾かす）,か
プラスチックごみ/古紙/古繊維/金属類,カメラ(金属),,か
可燃ごみ,カメラケース,,か
有料粗大ごみ,カラーボックス70cm超える,70cm超える ,か
可燃ごみ,カラーボックス70cm以下,70cm以下 ,か
プラスチックごみ/古紙/古繊維/金属類,カラオケ演奏装置(金属),,か
プラスチックごみ/古紙/古繊維/金属類,ガラス製品(埋立),,か
プラスチックごみ/古紙/古繊維/金属類,軽石(埋立),,か
可燃ごみ,革靴,,か
プラスチックごみ/古紙/古繊維/金属類,皮むき器(金属)80％以上金属製,80％以上金属製 ,か
可燃ごみ,皮むき器プラスチック製,プラスチック製 ,か
プラスチックごみ/古紙/古繊維/金属類,瓦(埋立),増改築に伴うものは請負業者で処分,か
プラスチックごみ/古紙/古繊維/金属類,缶(金属)一斗缶,一斗缶 ,か
資源,缶(あき缶)飲料缶・缶詰,飲料缶・缶詰 ,か
プラスチックごみ/古紙/古繊維/金属類,缶(金属)オイル,オイル 中身残留は収集不可　専門業者で処分,か
プラスチックごみ/古紙/古繊維/金属類,缶(金属)25cm以上,25cm以上 ,か
資源,缶(あき缶)25cm未満,25cm未満 ,か
資源,缶(あき缶)酒缶・燗のできるもの,酒缶・燗のできるもの ,か
資源,缶(スプレー)スプレー缶,スプレー缶 使い切って火気のない屋外で穴をあける,か
可燃ごみ,簡易トイレ,汚物はトイレへ,か
プラスチックごみ/古紙/古繊維/金属類,換気扇(金属),,か
可燃ごみ,換気扇カバープラスチック製,プラスチック製 ,か
プラスチックごみ/古紙/古繊維/金属類,缶切り(金属),,か
市で収集しない,乾燥機衣類用,衣類用 郵便局で家電リサイクル券を購入、指定引取場所へ,か
プラスチックごみ/古紙/古繊維/金属類,乾燥機(金属)食器用,食器用 ,か
プラスチックごみ/古紙/古繊維/金属類,乾燥機(金属)布団用,布団用 ,か
可燃ごみ,乾燥剤,,か
資源,乾電池(水銀),,か
プラスチックごみ/古紙/古繊維/金属類,かんな(埋立),,か
可燃ごみ,感熱紙,,か
プラスチックごみ/古紙/古繊維/金属類,キーボード(金属),,き
市で収集しない,危険物,専門業者で処分,き
有料粗大ごみ,ギター70cm超える,70cm超える ,き
プラスチックごみ/古紙/古繊維/金属類,ギター(金属)電動,電動 ,き
可燃ごみ,ギター70cm以下,70cm以下 ,き
プラスチックごみ/古紙/古繊維/金属類,ギターケース(埋立)70cm超える,70cm超える ,き
可燃ごみ,ギターケース70cm以下,70cm以下 ,き
プラスチックごみ/古紙/古繊維/金属類,キックボード(金属)80％以上金属製,80％以上金属製 ,き
プラスチックごみ/古紙/古繊維/金属類,キックボード(埋立)金属部分80％未満,金属部分80％未満 ,き
プラスチックごみ/古紙/古繊維/金属類,キッチン収納棚(金属)80％以上金属製,80％以上金属製 ,き
有料粗大ごみ,キッチン収納棚金属部分80％未満　70cm超える,金属部分80％未満　70cm超える ,き
可燃ごみ,キッチン収納棚金属部分80％未満　70cm以下,金属部分80％未満　70cm以下 扉や戸がガラスのものは埋立ごみ,き
有料粗大ごみ,キッチンマット70cm超える,70cm超える 広げた状態の大きさで区分,き
可燃ごみ,キッチンマット70cm以下,70cm以下 広げた状態の大きさで区分,き
プラスチックごみ/古紙/古繊維/金属類,杵(埋立),,き
プラスチックごみ/古紙/古繊維/金属類,脚立(金属)80％以上金属製,80％以上金属製 ,き
プラスチックごみ/古紙/古繊維/金属類,脚立(埋立)金属部分80％未満　70cm超える,金属部分80％未満　70cm超える ,き
可燃ごみ,脚立金属部分80％未満　70cm以下,金属部分80％未満　70cm以下 ,き
プラスチックごみ/古紙/古繊維/金属類,キャスターハンガー(金属)80％以上金属製,80％以上金属製 ,き
有料粗大ごみ,キャスターハンガー金属部分80％未満　70cm超える,金属部分80％未満　70cm超える ,き
可燃ごみ,キャスターハンガー金属部分80％未満　70cm以下,金属部分80％未満　70cm以下 ,き
資源,キャップ(あき缶)80％以上金属製,80％以上金属製 ,き
資源,キャップ(容プラ)プラスチック製,プラスチック製 ,き
可燃ごみ,キャッププラスチック製以外,プラスチック製以外 ,き
プラスチックごみ/古紙/古繊維/金属類,キャビネット(金属)80％以上金属製,80％以上金属製 ,き
有料粗大ごみ,キャビネット金属部分80％未満　70cm超える,金属部分80％未満　70cm超える ,き
可燃ごみ,キャビネット金属部分80％未満　70cm以下,金属部分80％未満　70cm以下 扉や戸がガラスのものは埋立ごみ,き
プラスチックごみ/古紙/古繊維/金属類,キャリアー(金属)80％以上金属製,80％以上金属製 ,き
プラスチックごみ/古紙/古繊維/金属類,キャリアー(埋立)金属部分80％未満,金属部分80％未満 70cmを超えるルーフボックスは有料粗大ごみ,き
プラスチックごみ/古紙/古繊維/金属類,急須(金属)80％以上金属製,80％以上金属製 ,き
可燃ごみ,急須プラスチック製,プラスチック製 ,き
プラスチックごみ/古紙/古繊維/金属類,急須(埋立)プラスチック製以外,プラスチック製以外 ,き
プラスチックごみ/古紙/古繊維/金属類,給湯器(金属),電池はとる,き
可燃ごみ,牛乳パック,各校下・地区の集団回収もご利用ください（洗って切り開き乾かす）,き
有料粗大ごみ,鏡台70cm超える,70cm超える ,き
プラスチックごみ/古紙/古繊維/金属類,鏡台(埋立)70cm以下,70cm以下 ,き
プラスチックごみ/古紙/古繊維/金属類,きり(埋立),紙で包み「危険」と表示、他のごみと分ける,き
プラスチックごみ/古紙/古繊維/金属類,金庫(埋立)耐火,耐火 55㎏以上のものは市では収集不可、専門業者で処分,き
プラスチックごみ/古紙/古繊維/金属類,金庫(金属)手提げ,手提げ ,き
プラスチックごみ/古紙/古繊維/金属類,空気入れ(金属)80％以上金属製,80％以上金属製 ,く
可燃ごみ,空気入れプラスチック製,プラスチック製 ,く
プラスチックごみ/古紙/古繊維/金属類,空気入れ(埋立)プラスチック製以外,プラスチック製以外 ,く
プラスチックごみ/古紙/古繊維/金属類,空気清浄機(金属),,く
有料粗大ごみ,クーラーボックス70cm超える,70cm超える ,く
可燃ごみ,クーラーボックス70cm以下,70cm以下 ,く
プラスチックごみ/古紙/古繊維/金属類,釘(金属),紙で包み「危険」と表示、他のごみと分ける,く
市で収集しない,草刈り機,専門業者で処分,く
可燃ごみ,草ごみ少量,少量 どろをはらい乾燥　１回に3袋程度まで,く
有料戸別収集,草ごみ多量,多量 ,く
プラスチックごみ/古紙/古繊維/金属類,鎖(金属)80％以上金属製,80％以上金属製 ,く
可燃ごみ,鎖金属部分80％未満,金属部分80％未満 ,く
プラスチックごみ/古紙/古繊維/金属類,串(金属)80％以上金属製,80％以上金属製 紙で包み「危険」と表示、他のごみと分ける,く
可燃ごみ,串木製,木製 先を折って危なくないように,く
資源,薬のシート(容プラ),,く
プラスチックごみ/古紙/古繊維/金属類,口紅の容器(金属)80％以上金属製,80％以上金属製 ,く
資源,口紅の容器(容プラ)プラスチック製,プラスチック製 ,く
プラスチックごみ/古紙/古繊維/金属類,くつ(埋立)スキーブーツ　スケート靴,スキーブーツ　スケート靴 ,く
可燃ごみ,くつスキーブーツ、スケート靴以外,スキーブーツ、スケート靴以外 ,く
プラスチックごみ/古紙/古繊維/金属類,くつのスパイク(金属)80％以上金属製,80％以上金属製 ,く
可燃ごみ,くつのスパイク金属部分80％未満,金属部分80％未満 ,く
プラスチックごみ/古紙/古繊維/金属類,クッキングヒーター(金属),,く
可燃ごみ,くつ下,,く
プラスチックごみ/古紙/古繊維/金属類,クッション(埋立)70cm超える,70cm超える ,く
可燃ごみ,クッション70cm以下,70cm以下 ,く
プラスチックごみ/古紙/古繊維/金属類,グランドゴルフスティック(埋立)競技用は80cm以上,競技用は80cm以上 ,く
プラスチックごみ/古紙/古繊維/金属類,グリル鍋(金属)80％以上金属製,80％以上金属製 ,く
プラスチックごみ/古紙/古繊維/金属類,グリル鍋(埋立)金属部分80％未満,金属部分80％未満 ,く
プラスチックごみ/古紙/古繊維/金属類,車(幼児用）(金属)80％以上金属製,80％以上金属製 ,く
プラスチックごみ/古紙/古繊維/金属類,車(幼児用）(金属)電動,電動 電池はとる,く
プラスチックごみ/古紙/古繊維/金属類,車(幼児用）(埋立)電動以外　70cm超える,電動以外　70cm超える ,く
可燃ごみ,車(幼児用）電動以外　70cm以下,電動以外　70cm以下 ,く
プラスチックごみ/古紙/古繊維/金属類,車椅子(金属)折りたたみ式,折りたたみ式 ,く
プラスチックごみ/古紙/古繊維/金属類,車椅子(金属)電動,電動 バッテリーは外す,く
可燃ごみ,グローブ野球用など,野球用など ,く
プラスチックごみ/古紙/古繊維/金属類,グローランプ(埋立),,く
プラスチックごみ/古紙/古繊維/金属類,くわ（鍬）(金属)80％以上金属製,80％以上金属製 ,く
プラスチックごみ/古紙/古繊維/金属類,くわ（鍬）(埋立)金属部分80％未満,金属部分80％未満 ,く
資源,蛍光灯(水銀)管,管 割れたものも含む,け
プラスチックごみ/古紙/古繊維/金属類,蛍光灯(金属)照明器具,照明器具 割れたものも含む,け
プラスチックごみ/古紙/古繊維/金属類,携帯電話(金属),なるべく販売店で引取,け
プラスチックごみ/古紙/古繊維/金属類,ゲートボールスティック(埋立),,け
プラスチックごみ/古紙/古繊維/金属類,ケーブル(金属),,け
プラスチックごみ/古紙/古繊維/金属類,ケーブルテレビ用セットトップボックス(金属),レンタル品は、お店に返却,け
プラスチックごみ/古紙/古繊維/金属類,ゲーム機（ＴＶゲーム・ポケットゲーム）(金属),,け
可燃ごみ,ゲームソフト,カセットタイプは、プラスチックごみ/古紙/古繊維/金属類(金属),け
プラスチックごみ/古紙/古繊維/金属類,ゲーム用コントローラー(金属),,け
市で収集しない,劇薬,購入店または専門業者で処分,け
プラスチックごみ/古紙/古繊維/金属類,化粧品のガラスびん(埋立),,け
プラスチックごみ/古紙/古繊維/金属類,げた箱(金属)80％以上金属製,80％以上金属製 増改築に伴うものは請負業者で処分,け
有料粗大ごみ,げた箱金属部分80％未満　70cm超える,金属部分80％未満　70cm超える 増改築に伴うものは請負業者で処分,け
可燃ごみ,げた箱金属部分80％未満　70cm以下,金属部分80％未満　70cm以下 増改築に伴うものは請負業者で処分,け
可燃ごみ,ケチャップのチューブ,キャップは資源（容プラ）,け
プラスチックごみ/古紙/古繊維/金属類,血圧計(金属)デジタル式,デジタル式 電池はとる,け
有料粗大ごみ,玄関マット70cm超える,70cm超える 広げた状態の大きさで区分,け
可燃ごみ,玄関マット70cm以下,70cm以下 広げた状態の大きさで区分,け
プラスチックごみ/古紙/古繊維/金属類,剣道用具(金属)面,面 ,け
プラスチックごみ/古紙/古繊維/金属類,剣道用具(埋立)面以外　70cm超える,面以外　70cm超える ,け
可燃ごみ,剣道用具面以外　70cm以下,面以外　70cm以下 ,け
プラスチックごみ/古紙/古繊維/金属類,顕微鏡(金属)金属製,金属製 ,け
可燃ごみ,顕微鏡プラスチック製,プラスチック製 ,け
プラスチックごみ/古紙/古繊維/金属類,碁石(埋立),,こ
市で収集しない,耕運機金属製,金属製 専門業者で処分,こ
可燃ごみ,工作用のりのチューブ,キャップを外す,こ
可燃ごみ,ゴーグル,,こ
プラスチックごみ/古紙/古繊維/金属類,コード(金属),,こ
プラスチックごみ/古紙/古繊維/金属類,コートハンガー(金属)80％以上金属製,80％以上金属製 ,こ
有料粗大ごみ,コートハンガー金属部分80％未満　70cm超える,金属部分80％未満　70cm超える ,こ
可燃ごみ,コートハンガー金属部分80％未満　70cm以下,金属部分80％未満　70cm以下 ,こ
プラスチックごみ/古紙/古繊維/金属類,コーヒーメーカー(金属),,こ
可燃ごみ,氷枕ゴム製,ゴム製 ,こ
有料粗大ごみ,ござ70cm超える,70cm超える 広げた状態の大きさで区分,こ
可燃ごみ,ござ70cm以下,70cm以下 広げた状態の大きさで区分,こ
プラスチックごみ/古紙/古繊維/金属類,こたつ(電気ヒーターがついているもの)(金属),,こ
プラスチックごみ/古紙/古繊維/金属類,こたつ(天板)(埋立)70cm超える,天板　70cm超える ,こ
可燃ごみ,こたつ(天板)70cm以下,天板　70cm以下 ,こ
プラスチックごみ/古紙/古繊維/金属類,コップ(埋立)ガラス製,ガラス製 ,こ
可燃ごみ,コッププラスチック製,プラスチック製 ,こ
プラスチックごみ/古紙/古繊維/金属類,琴(埋立),,こ
プラスチックごみ/古紙/古繊維/金属類,粉々のびん(埋立),,こ
プラスチックごみ/古紙/古繊維/金属類,碁盤(埋立)厚さ10cm以上,厚さ10cm以上 ,こ
可燃ごみ,碁盤厚さ10cm未満,厚さ10cm未満 ,こ
プラスチックごみ/古紙/古繊維/金属類,コピー機（家庭用）(金属),,こ
プラスチックごみ/古紙/古繊維/金属類,ごみ箱(金属)80％以上金属製,80％以上金属製 ,こ
可燃ごみ,ごみ箱金属部分80％未満,金属部分80％未満 ,こ
可燃ごみ,ゴム手袋,,こ
可燃ごみ,ゴム長靴,,こ
プラスチックごみ/古紙/古繊維/金属類,ゴムホース(埋立)70cm超える,70cm超える 広げた状態の大きさで区分,こ
可燃ごみ,ゴムホース70cm以下,70cm以下 広げた状態の大きさで区分,こ
プラスチックごみ/古紙/古繊維/金属類,ゴムボート(埋立),空気を抜いて,こ
プラスチックごみ/古紙/古繊維/金属類,米びつ(金属)80％以上金属製,80％以上金属製 ,こ
有料粗大ごみ,米びつ金属部分80％未満　70cm超える,金属部分80％未満　70cm超える ,こ
可燃ごみ,米びつ金属部分80％未満　70cm以下,金属部分80％未満　70cm以下 ,こ
可燃ごみ,米袋紙製,紙製 ,こ
資源,米袋(容プラ)プラスチック製,プラスチック製 ,こ
プラスチックごみ/古紙/古繊維/金属類,コルクボード(埋立)70cm超える,70cm超える ,こ
可燃ごみ,コルクボード70cm以下,70cm以下 ,こ
プラスチックごみ/古紙/古繊維/金属類,ゴルフクラブ(金属)金属製,金属製 ,こ
プラスチックごみ/古紙/古繊維/金属類,ゴルフクラブ(埋立)カーボン製,カーボン製 ,こ
可燃ごみ,ゴルフシューズ,,こ
プラスチックごみ/古紙/古繊維/金属類,ゴルフバック(埋立),,こ
プラスチックごみ/古紙/古繊維/金属類,コンパクト(埋立),,こ
プラスチックごみ/古紙/古繊維/金属類,コンポスト容器(埋立)70cm超える,70cm超える ,こ
可燃ごみ,コンポスト容器70cm以下,70cm以下 ,こ
プラスチックごみ/古紙/古繊維/金属類,コンロ(金属)バーベキュー用,バーベキュー用 ,こ
有料粗大ごみ,サーフボード70cm超える,70cm超える ,さ
可燃ごみ,サーフボード70cm以下,70cm以下 ,さ
プラスチックごみ/古紙/古繊維/金属類,サイクリングマシン(金属),,さ
プラスチックごみ/古紙/古繊維/金属類,座いす(金属)80％以上金属製,80％以上金属製 ,さ
有料粗大ごみ,座いす金属部分80％未満　70cm超える,金属部分80％未満　70cm超える ,さ
プラスチックごみ/古紙/古繊維/金属類,座いす(埋立)金属部分80％未満　70cm以下,金属部分80％未満　70cm以下 ,さ
有料粗大ごみ,サイドボード70cm超える,70cm超える ,さ
可燃ごみ,サイドボード70cm以下,70cm以下 扉や戸がガラスのものは埋立ごみ,さ
プラスチックごみ/古紙/古繊維/金属類,裁縫箱(金属)80％以上金属製,80％以上金属製 ,さ
可燃ごみ,裁縫箱金属部分80％未満,金属部分80％未満 ,さ
可燃ごみ,サインペン,,さ
プラスチックごみ/古紙/古繊維/金属類,さしこ（竹製鳥かご）(埋立)70cm超える,70cm超える ,さ
可燃ごみ,さしこ（竹製鳥かご）70cm以下,70cm以下 ,さ
有料粗大ごみ,座卓70cm超える,70cm超える ,さ
可燃ごみ,座卓70cm以下,70cm以下 ,さ
プラスチックごみ/古紙/古繊維/金属類,サッシ(金属)80％以上金属製,80％以上金属製 増改築に伴うものは請負業者で処分,さ
プラスチックごみ/古紙/古繊維/金属類,サッシ(埋立)金属部分80％未満,金属部分80％未満 増改築に伴うものは請負業者で処分,さ
可燃ごみ,雑誌,各校下・地区の集団回収もご利用ください,さ
プラスチックごみ/古紙/古繊維/金属類,座ぶとん(埋立)70cm超える,70cm超える ,さ
可燃ごみ,座ぶとん70cm以下,70cm以下 ,さ
プラスチックごみ/古紙/古繊維/金属類,皿(埋立),,さ
プラスチックごみ/古紙/古繊維/金属類,ザル(金属)80％以上金属製,80％以上金属製 ,さ
可燃ごみ,ザル金属部分80％未満,金属部分80％未満 ,さ
プラスチックごみ/古紙/古繊維/金属類,三角コーナー(金属)80％以上金属製,80％以上金属製 ,さ
可燃ごみ,三角コーナー金属部分80％未満,金属部分80％未満 ,さ
プラスチックごみ/古紙/古繊維/金属類,三脚（カメラ、ビデオ）(金属)80％以上金属製,80％以上金属製 ,さ
プラスチックごみ/古紙/古繊維/金属類,三脚（カメラ、ビデオ）(埋立)金属部分80％未満,金属部分80％未満 ,さ
プラスチックごみ/古紙/古繊維/金属類,サングラス(埋立),プラスチックレンズは、可燃ごみ,さ
プラスチックごみ/古紙/古繊維/金属類,さんご(埋立),,さ
可燃ごみ,サンダル,,さ
プラスチックごみ/古紙/古繊維/金属類,三輪車(金属),「不用品」と表示,さ
プラスチックごみ/古紙/古繊維/金属類,CSデジタルアンテナ(金属),,し
プラスチックごみ/古紙/古繊維/金属類,CSデジタルチューナー(金属),,し
可燃ごみ,ＣＤ,,し
可燃ごみ,ＣＤのケース,,し
プラスチックごみ/古紙/古繊維/金属類,ＣＤプレーヤー(金属),,し
プラスチックごみ/古紙/古繊維/金属類,ＣＤラジカセ(金属),,し
市で収集しない,ＣＲＴディスプレイパソコン用,パソコン用 各製造メーカーで処分または市の資源搬入コーナーに持込み,し
プラスチックごみ/古紙/古繊維/金属類,シーツ(埋立)70cm超える,70cm超える １辺70cm以下に裁断すれば、可燃ごみ,し
可燃ごみ,シーツ70cm以下,70cm以下 ,し
プラスチックごみ/古紙/古繊維/金属類,シート(埋立)車用,車用 ,し
可燃ごみ,地下足袋,,し
有料粗大ごみ,磁気マットレス70cm超える,70cm超える 広げた状態の大きさで区分,し
プラスチックごみ/古紙/古繊維/金属類,磁気マットレス(埋立)70cm以下,70cm以下 広げた状態の大きさで区分,し
市で収集しない,システムキッチン,購入店または専門業者で処分,し
プラスチックごみ/古紙/古繊維/金属類,磁石(埋立),,し
可燃ごみ,下敷き,,し
プラスチックごみ/古紙/古繊維/金属類,七輪(埋立),,し
可燃ごみ,漆器製食器お椀など,お椀など ,し
可燃ごみ,湿布剤,,し
資源,湿布剤のフィルム(容プラ),,し
プラスチックごみ/古紙/古繊維/金属類,自転車(金属)電動アシスト付き,電動アシスト付き　 「不用品」と表示　バッテリーはリサイクル協力店へ,し
プラスチックごみ/古紙/古繊維/金属類,自転車(金属)電動アシスト付き以外,電動アシスト付き以外　 「不用品」と表示,し
プラスチックごみ/古紙/古繊維/金属類,自動車カバー(埋立)70cm超える,70cm超える １辺70cm以下に裁断すれば、可燃ごみ,し
可燃ごみ,自動車カバー70cm以下,70cm以下 ,し
市で収集しない,自動車タイヤ,購入店または専門業者で処分,し
プラスチックごみ/古紙/古繊維/金属類,竹刀(埋立)70cm超える,70cm超える ,し
可燃ごみ,竹刀70cm以下,70cm以下 ,し
プラスチックごみ/古紙/古繊維/金属類,蛇口(金属),,し
可燃ごみ,写真,,し
プラスチックごみ/古紙/古繊維/金属類,ジャッキ(金属),,し
可燃ごみ,しゃもじ木製,木製 ,し
可燃ごみ,しゃもじプラスチック製,プラスチック製 ,し
有料粗大ごみ,車両用ルーフボックス70cm超える,70cm超える ,し
可燃ごみ,車両用ルーフボックス70cm以下,70cm以下 ,し
プラスチックごみ/古紙/古繊維/金属類,ジャングルジム(埋立)子供用遊具,子供用遊具 パイプがプラスチック製または紙製で70cm以下ものは可燃ごみ,し
プラスチックごみ/古紙/古繊維/金属類,シャンデリア(金属),電球は外す,し
有料粗大ごみ,シャンプードレッサー70cm超える,70cm超える ,し
プラスチックごみ/古紙/古繊維/金属類,シャンプードレッサー(埋立)70cm以下,70cm以下 ,し
プラスチックごみ/古紙/古繊維/金属類,ジューサー(金属),,し
可燃ごみ,シューズ,,し
プラスチックごみ/古紙/古繊維/金属類,シューズボックス(金属)80％以上金属製,80％以上金属製 増改築に伴うものは請負業者で処分,し
有料粗大ごみ,シューズボックス金属部分80％未満　70cm超える,金属部分80％未満　70cm超える 増改築に伴うものは請負業者で処分,し
可燃ごみ,シューズボックス金属部分80％未満　70cm以下,金属部分80％未満　70cm以下 増改築に伴うものは請負業者で処分,し
あきびん,ジュースのびん,キャップを外し洗う,し
有料粗大ごみ,じゅうたん70cm超える,70cm超える 広げた状態の大きさで区分,し
可燃ごみ,じゅうたん70cm以下,70cm以下 広げた状態の大きさで区分,し
資源,充電式電池(水銀),電池リサイクル協力店でも回収,し
プラスチックごみ/古紙/古繊維/金属類,収納ケース・箱・ボックス(金属)80％以上金属製,80％以上金属製 ,し
有料粗大ごみ,収納ケース・箱・ボックス金属部分80％未満　70cm超える,金属部分80％未満　70cm超える ,し
可燃ごみ,収納ケース・箱・ボックス金属部分80％未満　70cm以下,金属部分80％未満　70cm以下 ,し
プラスチックごみ/古紙/古繊維/金属類,収納棚(金属)80％以上金属製,80％以上金属製 ,し
有料粗大ごみ,収納棚金属部分80％未満　70cm超える,金属部分80％未満　70cm超える ,し
可燃ごみ,収納棚金属部分80％未満　70cm以下,金属部分80％未満　70cm以下 扉や戸がガラスのものは埋立ごみ,し
プラスチックごみ/古紙/古繊維/金属類,ジュニアシート(埋立),,し
市で収集しない,消火器,購入先へ持参,し
可燃ごみ,定規,,し
可燃ごみ,将棋駒,,し
プラスチックごみ/古紙/古繊維/金属類,将棋盤(埋立)厚さ10cm以上,厚さ10cm以上 ,し
可燃ごみ,将棋盤厚さ10cm未満,厚さ10cm未満 ,し
プラスチックごみ/古紙/古繊維/金属類,障子(金属)80％以上金属製,80％以上金属製 増改築に伴うものは請負業者で処分,し
有料粗大ごみ,障子金属部分80％未満　70cm超える,金属部分80％未満　70cm超える 増改築に伴うものは請負業者で処分,し
可燃ごみ,障子金属部分80％未満　70cm以下,金属部分80％未満　70cm以下 増改築に伴うものは請負業者で処分,し
可燃ごみ,浄水器カートリッジ,カートリッジ ,し
プラスチックごみ/古紙/古繊維/金属類,浄水器(金属)本体,本体 ,し
プラスチックごみ/古紙/古繊維/金属類,照明器具(金属),,し
プラスチックごみ/古紙/古繊維/金属類,照明器具のかさ(金属)80％以上金属製,80％以上金属製 ,し
プラスチックごみ/古紙/古繊維/金属類,照明器具のかさ(埋立)ガラス製,ガラス製 ,し
プラスチックごみ/古紙/古繊維/金属類,照明器具のかさ(埋立)ガラス製以外　70cm超える,ガラス製以外　70cm超える ,し
可燃ごみ,照明器具のかさガラス製以外　70cm以下,ガラス製以外　70cm以下 ,し
プラスチックごみ/古紙/古繊維/金属類,じょうろ(金属)80％以上金属製,80％以上金属製 ,し
可燃ごみ,じょうろ金属部分80％未満,金属部分80％未満 ,し
資源,食品のトレイ(容プラ),スーパー等の店頭回収をご利用ください,し
資源,除湿機(フロン),「除湿機」と必ず表示,し
可燃ごみ,除湿剤,,し
プラスチックごみ/古紙/古繊維/金属類,書棚(金属)80％以上金属製,80％以上金属製 ,し
有料粗大ごみ,書棚金属部分80％未満　70cm超える,金属部分80％未満　70cm超える ,し
可燃ごみ,書棚金属部分80％未満　70cm以下,金属部分80％未満　70cm以下 ,し
プラスチックごみ/古紙/古繊維/金属類,食器(金属)80％以上金属製,80％以上金属製 ,し
プラスチックごみ/古紙/古繊維/金属類,食器(埋立)ガラス製・陶磁器製,ガラス製・陶磁器製 ,し
可燃ごみ,食器ガラス製・陶磁器製以外,ガラス製・陶磁器製以外 ,し
プラスチックごみ/古紙/古繊維/金属類,食器洗い器(金属),,し
プラスチックごみ/古紙/古繊維/金属類,食器乾燥機(金属),,し
有料粗大ごみ,食器棚70cm超える,70cm超える ,し
可燃ごみ,食器棚70cm以下,70cm以下 扉や戸がガラスのものは埋立ごみ,し
可燃ごみ,ショッピングかごプラスチック製,プラスチック製 ,し
プラスチックごみ/古紙/古繊維/金属類,ショッピングカート(金属)80％以上金属製,80％以上金属製 ,し
プラスチックごみ/古紙/古繊維/金属類,書類用バインダーの金具(金属),,し
プラスチックごみ/古紙/古繊維/金属類,シルバーカー(金属),「不用品」と表示,し
可燃ごみ,人工肛門パック,汚物はトイレへ,し
プラスチックごみ/古紙/古繊維/金属類,人工芝(埋立)70cm超える,70cm超える ,し
可燃ごみ,人工芝70cm以下,70cm以下 ,し
市で収集しない,シンナー,専門業者で処分,し
可燃ごみ,新聞,各校下・地区の集団回収もご利用ください,し
可燃ごみ,吸い殻（たばこ）,火を完全に消してから,す
有料粗大ごみ,水槽70cm超える,70cm超える ,す
可燃ごみ,水槽プラスチック製　70cm以下,プラスチック製　70cm以下 ,す
プラスチックごみ/古紙/古繊維/金属類,水槽(埋立)プラスチック製以外　70cm以下,プラスチック製以外　70cm以下 ,す
プラスチックごみ/古紙/古繊維/金属類,水中めがね(埋立),プラスチックレンズは、可燃ごみ,す
プラスチックごみ/古紙/古繊維/金属類,水筒(金属)80％以上金属製,80％以上金属製 ,す
プラスチックごみ/古紙/古繊維/金属類,水筒(埋立)ガラス製,ガラス製 ,す
可燃ごみ,水筒金属部分80％未満　ガラス製以外,金属部分80％未満　ガラス製以外 ,す
プラスチックごみ/古紙/古繊維/金属類,炊飯器(金属)内釜含む,内釜含む ,す
プラスチックごみ/古紙/古繊維/金属類,スーツケース(金属)80％以上金属製,80％以上金属製 ,す
有料粗大ごみ,スーツケース金属部分80％未満　70cm超える,金属部分80％未満　70cm超える ,す
可燃ごみ,スーツケース金属部分80％未満　70cm以下,金属部分80％未満　70cm以下 ,す
資源,スーパーの袋(容プラ)プラスチック製,プラスチック製 ,す
可燃ごみ,スーパーの袋プラスチック製以外,プラスチック製以外 ,す
有料粗大ごみ,姿見70cm超える,70cm超える ,す
プラスチックごみ/古紙/古繊維/金属類,姿見(埋立)70cm以下,70cm以下 ,す
有料粗大ごみ,スキー板70cm超える,70cm超える ,す
プラスチックごみ/古紙/古繊維/金属類,スキー板(埋立)70cm以下,70cm以下 ,す
プラスチックごみ/古紙/古繊維/金属類,スキーキャリア(金属)80％以上金属製,80％以上金属製 ,す
プラスチックごみ/古紙/古繊維/金属類,スキーキャリア(埋立)金属部分80％未満,金属部分80％未満 ,す
可燃ごみ,スキーウェア,,す
プラスチックごみ/古紙/古繊維/金属類,スキャナー(金属),,す
市で収集しない,スクーター,廃棄二輪取扱店または指定引取窓口へ,す
プラスチックごみ/古紙/古繊維/金属類,スケートボード(埋立),,す
プラスチックごみ/古紙/古繊維/金属類,スコップ(金属)80％以上金属製,80％以上金属製 ,す
プラスチックごみ/古紙/古繊維/金属類,スコップ(埋立)金属部分80％未満　70cm超える,金属部分80％未満　70cm超える ,す
可燃ごみ,スコップ金属部分80％未満　70cm以下,金属部分80％未満　70cm以下 ,す
プラスチックごみ/古紙/古繊維/金属類,硯（すずり）(埋立),,す
プラスチックごみ/古紙/古繊維/金属類,すだれ(埋立)竹製・プラスチック製70cm超える,竹製・プラスチック製　70cm超える １辺70cm以下に裁断すれば、可燃ごみ,す
可燃ごみ,すだれ竹製・プラスチック製　70cm以下,竹製・プラスチック製　70cm以下 ,す
有料粗大ごみ,スタンドミラー70cm超える,70cm超える ,す
プラスチックごみ/古紙/古繊維/金属類,スタンドミラー(埋立)70cm以下,70cm以下 ,す
資源,スチール缶(あき缶),ひと洗い・つぶさない・異物を入れない,す
可燃ごみ,ズック,,す
プラスチックごみ/古紙/古繊維/金属類,ステレオセット(金属),,す
プラスチックごみ/古紙/古繊維/金属類,ストーブ(金属),,す
プラスチックごみ/古紙/古繊維/金属類,ストーブガード(金属),,す
可燃ごみ,砂ペット用,ペット用 袋に可燃表示があるもの、それ他は埋立ごみ,す
プラスチックごみ/古紙/古繊維/金属類,スノーダンプ(金属)80％以上金属製,80％以上金属製 ,す
プラスチックごみ/古紙/古繊維/金属類,スノーダンプ(埋立)金属部分80％未満　70cm超える,金属部分80％未満　70cm超える ,す
可燃ごみ,スノーダンプ金属部分80％未満　70cm以下,金属部分80％未満　70cm以下 ,す
有料粗大ごみ,スノーボード70cm超える,70cm超える ,す
プラスチックごみ/古紙/古繊維/金属類,スノーボード(埋立)70cm以下,70cm以下 ,す
プラスチックごみ/古紙/古繊維/金属類,すのこ(埋立)70cm超える,70cm超える ,す
可燃ごみ,すのこ70cm以下,70cm以下 ,す
プラスチックごみ/古紙/古繊維/金属類,スピーカー(金属),,す
プラスチックごみ/古紙/古繊維/金属類,スプーン(金属)80％以上金属製,80％以上金属製 ,す
可燃ごみ,スプーン金属部分80％未満,金属部分80％未満 ,す
資源,スプレー缶(スプレー),使い切って火気のない屋外で穴をあける,す
有料粗大ごみ,すべり台70cm超える,70cm超える ,す
可燃ごみ,すべり台70cm以下,70cm以下 ,す
可燃ごみ,スポンジ,,す
プラスチックごみ/古紙/古繊維/金属類,ズボンプレッサー(金属),,す
可燃ごみ,スリッパ,,す
プラスチックごみ/古紙/古繊維/金属類,スリッパ立て(金属)80％以上金属製,80％以上金属製 ,す
プラスチックごみ/古紙/古繊維/金属類,スリッパ立て(埋立)金属部分80％未満　70cm超える,金属部分80％未満　70cm超える ,す
可燃ごみ,スリッパ立て金属部分80％未満　70cm以下,金属部分80％未満　70cm以下 ,す
プラスチックごみ/古紙/古繊維/金属類,すり鉢(埋立),,す
プラスチックごみ/古紙/古繊維/金属類,精米機(金属)家庭用,家庭用 ,せ
可燃ごみ,生理用品,,せ
プラスチックごみ/古紙/古繊維/金属類,石油ストーブ(金属),油を抜いて電池を取る,せ
プラスチックごみ/古紙/古繊維/金属類,石油タンク(金属),油は抜く,せ
可燃ごみ,石油ポンプ手動式,手動式 ,せ
プラスチックごみ/古紙/古繊維/金属類,石油ポンプ(金属)電動,電動 電池はとる,せ
可燃ごみ,洗車ブラシ,,せ
市で収集しない,洗濯機,郵便局で家電リサイクル券を購入、指定引取場所へ,せ
プラスチックごみ/古紙/古繊維/金属類,洗濯ばさみ(金属)80％以上金属製,80％以上金属製 ,せ
可燃ごみ,洗濯ばさみ金属部分80％未満,金属部分80％未満 ,せ
プラスチックごみ/古紙/古繊維/金属類,洗濯用ハンガー(金属)80％以上金属製,80％以上金属製 ,せ
可燃ごみ,洗濯用ハンガー金属部分80％未満,金属部分80％未満 ,せ
プラスチックごみ/古紙/古繊維/金属類,栓抜き(金属)80％以上金属製,80％以上金属製 ,せ
プラスチックごみ/古紙/古繊維/金属類,栓抜き(埋立)金属部分80％未満,金属部分80％未満 ,せ
プラスチックごみ/古紙/古繊維/金属類,扇風機(金属),,せ
プラスチックごみ/古紙/古繊維/金属類,洗面器(金属)80％以上金属製,80％以上金属製 ,せ
可燃ごみ,洗面器金属部分80％未満,金属部分80％未満 ,せ
有料粗大ごみ,洗面化粧台70cm超える,70cm超える 増改築に伴うものは請負業者で処分,せ
プラスチックごみ/古紙/古繊維/金属類,洗面化粧台(埋立)70cm以下,70cm以下 増改築に伴うものは請負業者で処分,せ
プラスチックごみ/古紙/古繊維/金属類,双眼鏡(金属)80％以上金属製,80％以上金属製 ,そ
可燃ごみ,双眼鏡金属部分80％未満,金属部分80％未満 ,そ
資源,惣菜のトレイ(容プラ),スーパー等の店頭回収をご利用ください,そ
資源,惣菜のプラスチック容器(容プラ),,そ
プラスチックごみ/古紙/古繊維/金属類,掃除機(金属),,そ
市で収集しない,ソーラー式温水器,購入店または専門業者で処分,そ
有料粗大ごみ,ソファー70cm超える,70cm超える ,そ
プラスチックごみ/古紙/古繊維/金属類,ソファー(埋立)スプリングあり　70cm以下,スプリングあり　70cm以下 ,そ
可燃ごみ,ソファースプリングなし　70cm以下,スプリングなし　70cm以下 ,そ
有料粗大ごみ,ソファーベッド70cm超える,70cm超える ,そ
可燃ごみ,そり,,そ
可燃ごみ,そろばん,,そ
資源,体温計(水銀)水銀を含む,水銀を含む ,た
プラスチックごみ/古紙/古繊維/金属類,体温計(金属)水銀含まない,水銀含まない 電池はとる,た
プラスチックごみ/古紙/古繊維/金属類,体重計(金属)家庭用,家庭用 ,た
プラスチックごみ/古紙/古繊維/金属類,耐火金庫(埋立),55㎏以上のものは市では収集不可、専門業者で処分,た
プラスチックごみ/古紙/古繊維/金属類,台車(金属),,た
市で収集しない,タイヤ,廃タイヤ取り扱い協力店（自動車用品店・ガソリンスタンド等）へ,た
可燃ごみ,タイヤゴムチューブ自転車用,自転車用 ,た
プラスチックごみ/古紙/古繊維/金属類,タイヤチェーン(金属)80％以上金属製,80％以上金属製 ,た
可燃ごみ,タイヤチェーン金属部分80％未満,金属部分80％未満 ,た
プラスチックごみ/古紙/古繊維/金属類,タイヤホイール(金属),,た
可燃ごみ,タオル,,た
有料粗大ごみ,タオルケット70cm超える,70cm超える 広げた状態の大きさで区分,た
可燃ごみ,タオルケット70cm以下,70cm以下 広げた状態の大きさで区分,た
プラスチックごみ/古紙/古繊維/金属類,高枝切りばさみ(金属)80％以上金属製,80％以上金属製 ,た
プラスチックごみ/古紙/古繊維/金属類,高枝切りばさみ(埋立)金属部分80％未満,金属部分80％未満 ,た
資源,卓上ボンベ(スプレー)カセットコンロ用,カセットコンロ用 使い切って火気のない屋外で穴をあける,た
可燃ごみ,竹串,先を折って危なくないように,た
プラスチックごみ/古紙/古繊維/金属類,竹馬(金属)80％以上金属製,80％以上金属製 ,た
プラスチックごみ/古紙/古繊維/金属類,竹馬(埋立)竹・木製　70cm超える,竹・木製　70cm超える ,た
可燃ごみ,竹馬竹・木製　70cm以下,竹・木製　70cm以下 ,た
プラスチックごみ/古紙/古繊維/金属類,竹ぼうき(埋立)70cm超える,70cm超える ,た
可燃ごみ,竹ぼうき70cm以下,70cm以下 ,た
有料粗大ごみ,畳70cm超える,70cm超える 増改築に伴うものは請負業者で処分,た
可燃ごみ,畳70cm以下,70cm以下 増改築に伴うものは請負業者で処分,た
有料粗大ごみ,卓球台70cm超える,70cm超える ,た
可燃ごみ,卓球台70cm以下,70cm以下 ,た
可燃ごみ,脱酸素剤,,た
可燃ごみ,タッパ,,た
可燃ごみ,たばこの吸いがら,火を完全に消してから,た
資源,たばこの包装フィルム(容プラ),,た
市で収集しない,タブレットＰＣマークがあり,ＰＣマークがあり 各製造メーカーで処分または市の資源搬入コーナーに持込み,た
プラスチックごみ/古紙/古繊維/金属類,タブレット(金属)ＰＣマークがなし,ＰＣマークがなし ,た
資源,卵パック(容プラ)プラスチック製,プラスチック製 ,た
可燃ごみ,卵パック紙製,紙製 ,た
プラスチックごみ/古紙/古繊維/金属類,たらい(金属)80％以上金属製,80％以上金属製 ,た
可燃ごみ,たらい金属部分80％未満,金属部分80％未満 ,た
プラスチックごみ/古紙/古繊維/金属類,たる(埋立)70cm超える,70cm超える ,た
可燃ごみ,たる70cm以下,70cm以下 ,た
プラスチックごみ/古紙/古繊維/金属類,たわし(金属)80％以上金属製,80％以上金属製 ,た
可燃ごみ,たわし金属部分80％未満,金属部分80％未満 ,た
有料粗大ごみ,たんす70cm超える,70cm超える ,た
可燃ごみ,たんす70cm以下,70cm以下 ,た
プラスチックごみ/古紙/古繊維/金属類,ダンベル(金属)80％以上金属製,80％以上金属製 ,た
可燃ごみ,ダンベル金属部分80％未満,金属部分80％未満 ,た
可燃ごみ,ダンボール,各校下・地区の集団回収もご利用ください（テープ、金具を取る）,た
プラスチックごみ/古紙/古繊維/金属類,チェーン(金属)80％以上金属製,80％以上金属製 ,ち
可燃ごみ,チェーン金属部分80％未満,金属部分80％未満 ,ち
有料粗大ごみ,チェスト70cm超える,70cm超える ,ち
可燃ごみ,チェスト70cm以下,70cm以下 ,ち
可燃ごみ,地球儀プラスチック製,プラスチック製 ,ち
プラスチックごみ/古紙/古繊維/金属類,地球儀(埋立)プラスチック製以外,プラスチック製以外 ,ち
プラスチックごみ/古紙/古繊維/金属類,地上デジタルチューナー(金属),,ち
プラスチックごみ/古紙/古繊維/金属類,チャイルドシート(埋立)70cm超える,70cm超える ,ち
可燃ごみ,チャイルドシート70cm以下,70cm以下 ,ち
有料粗大ごみ,茶だんす70cm超える,70cm超える ,ち
可燃ごみ,茶だんす70cm以下,70cm以下 ,ち
プラスチックごみ/古紙/古繊維/金属類,茶碗(埋立)陶器製,陶器製 ,ち
市で収集しない,注射針在宅治療用,在宅治療用 かかりつけの医療機関や薬局で引取,ち
プラスチックごみ/古紙/古繊維/金属類,チューナー(金属),,ち
可燃ごみ,チューブ自転車用､在宅医療用その他,自転車用､在宅医療用その他 ,ち
資源,チューブのキャップ(容プラ)プラスチック製,プラスチック製 ,ち
有料粗大ごみ,調理台70cm超える,70cm超える 増改築に伴うものは請負業者で処分,ち
可燃ごみ,調理台木製　70cm以下,木製　70cm以下 増改築に伴うものは請負業者で処分,ち
プラスチックごみ/古紙/古繊維/金属類,調理台(埋立)木製以外　70cm以下,木製以外　70cm以下 増改築に伴うものは請負業者で処分,ち
可燃ごみ,チョーク,,ち
可燃ごみ,チラシ,各校下・地区の集団回収もご利用ください,ち
プラスチックごみ/古紙/古繊維/金属類,ちりとり(金属)80％以上金属製,80％以上金属製 ,ち
可燃ごみ,ちりとり金属部分80％未満,金属部分80％未満 ,ち
プラスチックごみ/古紙/古繊維/金属類,ついたて(金属)80％以上金属製,80％以上金属製 ,つ
有料粗大ごみ,ついたて金属部分80％未満　70cm超える,金属部分80％未満　70cm超える ,つ
可燃ごみ,ついたて金属部分80％未満　70cm以下,金属部分80％未満　70cm以下 ,つ
プラスチックごみ/古紙/古繊維/金属類,使い捨てカイロ(埋立),,つ
プラスチックごみ/古紙/古繊維/金属類,机(金属)80％以上金属製,80％以上金属製 ,つ
有料粗大ごみ,机金属部分80％未満　70cm超える,金属部分80％未満　70cm超える ,つ
可燃ごみ,机金属部分80％未満　70cm以下,金属部分80％未満　70cm以下 ,つ
プラスチックごみ/古紙/古繊維/金属類,漬けもの石(埋立)市販のもの,市販のもの ,つ
プラスチックごみ/古紙/古繊維/金属類,漬けもの桶(埋立)市販のもの以外　70cm超える,市販のもの以外　70cm超える ,つ
可燃ごみ,漬けもの桶市販のもの以外　70cm以下,市販のもの以外　70cm以下 ,つ
市で収集しない,土,専門業者で処分,つ
プラスチックごみ/古紙/古繊維/金属類,つぼ(埋立),,つ
プラスチックごみ/古紙/古繊維/金属類,釣りざお(埋立),,つ
プラスチックごみ/古紙/古繊維/金属類,つるはし(金属),,つ
可燃ごみ,DVDソフト,ソフト ,て
プラスチックごみ/古紙/古繊維/金属類,DVDプレーヤー(金属),,て
市で収集しない,ディスプレイパソコン用,パソコン用 各製造メーカーで処分または市の資源搬入コーナーに持込み,て
プラスチックごみ/古紙/古繊維/金属類,ディスプレイ(金属)パソコン用以外,パソコン用以外 ,て
可燃ごみ,ティッシュくず,,て
プラスチックごみ/古紙/古繊維/金属類,テーブル(金属)80％以上金属製,80％以上金属製 ,て
有料粗大ごみ,テーブル金属部分80％未満　70cm超える,金属部分80％未満　70cm超える ,て
可燃ごみ,テーブル金属部分80％未満　70cm以下,金属部分80％未満　70cm以下 ,て
プラスチックごみ/古紙/古繊維/金属類,テープレコーダー(金属),,て
プラスチックごみ/古紙/古繊維/金属類,手押し車(金属),「不用品」と表示,て
プラスチックごみ/古紙/古繊維/金属類,手鏡(埋立),,て
プラスチックごみ/古紙/古繊維/金属類,手提げ金庫(金属),,て
プラスチックごみ/古紙/古繊維/金属類,デジタルカメラ(金属),電池はとる,て
プラスチックごみ/古紙/古繊維/金属類,デジタル血圧計(金属),電池はとる,て
市で収集しない,デスクトップ型パソコン,各製造メーカーで処分または市の資源搬入コーナーに持込み,て
有料粗大ごみ,デスクマット70cm超える,70cm超える 広げた状態の大きさで区分,て
可燃ごみ,デスクマット70cm以下,70cm以下 広げた状態の大きさで区分,て
プラスチックごみ/古紙/古繊維/金属類,鉄アレイ(金属),,て
プラスチックごみ/古紙/古繊維/金属類,鉄板(金属)バーベキュー用,バーベキュー用 ,て
プラスチックごみ/古紙/古繊維/金属類,鉄棒(金属)子供用遊具,子供用遊具 ,て
プラスチックごみ/古紙/古繊維/金属類,テニスラケット(埋立),,て
可燃ごみ,手袋ゴム手袋含む,ゴム手袋含む ,て
市で収集しない,テレビ液晶,液晶 郵便局で家電リサイクル券を購入、指定引取場所へ,て
市で収集しない,テレビプラズマ,プラズマ 郵便局で家電リサイクル券を購入、指定引取場所へ,て
市で収集しない,テレビブラウン管,ブラウン管 郵便局で家電リサイクル券を購入、指定引取場所へ,て
プラスチックごみ/古紙/古繊維/金属類,テレビゲーム(金属),,て
プラスチックごみ/古紙/古繊維/金属類,テレビ台(金属)80％以上金属製,80％以上金属製 ,て
有料粗大ごみ,テレビ台金属部分80％未満　70cm超える,金属部分80％未満　70cm超える ,て
可燃ごみ,テレビ台金属部分80％未満　70cm以下,金属部分80％未満　70cm以下 扉や戸がガラスのものは埋立ごみ,て
プラスチックごみ/古紙/古繊維/金属類,電気アンカ(金属),,て
市で収集しない,電気温水器2m以上55㎏以上,2m以上55㎏以上 購入店または専門業者で処分,て
プラスチックごみ/古紙/古繊維/金属類,電気温水器(金属)2m未満55㎏未満,2m未満55㎏未満 ,て
プラスチックごみ/古紙/古繊維/金属類,電気カーペット(金属),上敷きは有料粗大ごみ,て
プラスチックごみ/古紙/古繊維/金属類,電気かみそり(金属),,て
プラスチックごみ/古紙/古繊維/金属類,電気コード(金属),,て
プラスチックごみ/古紙/古繊維/金属類,電気こたつ(電気ヒーターがついているもの)(金属),,て
プラスチックごみ/古紙/古繊維/金属類,電気こたつ(天板)(埋立)70cm超える,天板　70cm超える ,て
可燃ごみ,電気こたつ(天板)70cm以下,天板　70cm以下 ,て
プラスチックごみ/古紙/古繊維/金属類,電気炊飯器(金属)内釜含む,内釜含む ,て
プラスチックごみ/古紙/古繊維/金属類,電気スタンド(金属),,て
プラスチックごみ/古紙/古繊維/金属類,電気ストーブ(金属),,て
プラスチックごみ/古紙/古繊維/金属類,電気のこぎり(金属),,て
プラスチックごみ/古紙/古繊維/金属類,電気ポット(金属),,て
プラスチックごみ/古紙/古繊維/金属類,電気毛布(金属),,て
プラスチックごみ/古紙/古繊維/金属類,電球(埋立)白熱灯,白熱灯 ,て
資源,電球(水銀)電球形蛍光灯,電球形蛍光灯 ,て
プラスチックごみ/古紙/古繊維/金属類,電気ランタン(金属),電池はとる,て
プラスチックごみ/古紙/古繊維/金属類,電子辞書(金属),,て
プラスチックごみ/古紙/古繊維/金属類,電磁調理器(金属),,て
プラスチックごみ/古紙/古繊維/金属類,電子手帳(金属),,て
市で収集しない,電子ピアノ2m以上55㎏以上,2m以上55㎏以上 購入店または専門業者で処分,て
プラスチックごみ/古紙/古繊維/金属類,電子ピアノ(金属)2m未満55㎏未満,2m未満55㎏未満 ,て
プラスチックごみ/古紙/古繊維/金属類,電子レンジ(金属),,て
プラスチックごみ/古紙/古繊維/金属類,天体望遠鏡(埋立),,て
プラスチックごみ/古紙/古繊維/金属類,電卓(金属),,て
可燃ごみ,点滴用チューブ在宅治療用,在宅治療用 かかりつけの医療機関や薬局で引取,て
可燃ごみ,点滴用パック在宅治療用,在宅治療用 ,て
プラスチックごみ/古紙/古繊維/金属類,テント(埋立)レジャー用,レジャー用 ,て
プラスチックごみ/古紙/古繊維/金属類,点灯管(埋立),,て
プラスチックごみ/古紙/古繊維/金属類,電動かんな(金属),,て
プラスチックごみ/古紙/古繊維/金属類,電動自転車(金属),「不用品」と表示　バッテリーは、リサイクル協力店へ,て
プラスチックごみ/古紙/古繊維/金属類,電動ドリル(金属),,て
プラスチックごみ/古紙/古繊維/金属類,電動のこぎり(金属),,て
プラスチックごみ/古紙/古繊維/金属類,テントの支柱(金属)レジャー用、80％以上金属製,レジャー用、80％以上金属製 ,て
可燃ごみ,天ぷら油,紙や布にしみこませて,て
プラスチックごみ/古紙/古繊維/金属類,電話機(金属),,て
プラスチックごみ/古紙/古繊維/金属類,電話台(金属)80％以上金属製,80％以上金属製 ,て
プラスチックごみ/古紙/古繊維/金属類,電話台(埋立)金属部分80％未満,金属部分80％未満 ,て
プラスチックごみ/古紙/古繊維/金属類,戸(金属)80％以上金属製,80％以上金属製 増改築に伴うものは請負業者で処分,と
有料粗大ごみ,戸金属部分80％未満　70cm超える,金属部分80％未満　70cm超える 増改築に伴うものは請負業者で処分,と
可燃ごみ,戸金属部分80％未満　70cm以下,金属部分80％未満　70cm以下 増改築に伴うものは請負業者で処分,と
プラスチックごみ/古紙/古繊維/金属類,ドア(金属)80％以上金属製,80％以上金属製 増改築に伴うものは請負業者で処分,と
有料粗大ごみ,ドア金属部分80％未満　70cm超える,金属部分80％未満　70cm超える 増改築に伴うものは請負業者で処分,と
可燃ごみ,ドア金属部分80％未満　70cm以下,金属部分80％未満　70cm以下 増改築に伴うものは請負業者で処分,と
プラスチックごみ/古紙/古繊維/金属類,砥石(埋立),,と
資源,トイレットペーパーの袋(容プラ),,と
可燃ごみ,胴剣道用具,剣道用具 ,と
プラスチックごみ/古紙/古繊維/金属類,陶器製食器(埋立)湯飲み・茶碗・皿など,湯飲み・茶碗・皿など ,と
可燃ごみ,透析用チューブ在宅治療用,在宅治療用 ,と
資源,豆腐のプラスチック容器(容プラ),,と
市で収集しない,灯油,専門業者で処分,と
可燃ごみ,灯油缶プラスチック製,プラスチック製 中身残留は収集不可　専門業者で処分,と
プラスチックごみ/古紙/古繊維/金属類,灯油缶(金属)80％以上金属製,80％以上金属製 中身残留は収集不可　専門業者で処分,と
プラスチックごみ/古紙/古繊維/金属類,トースター(金属),,と
プラスチックごみ/古紙/古繊維/金属類,時計(金属)壁掛け・目覚まし・腕・柱時計,壁掛け・目覚まし・腕・柱時計 ,と
プラスチックごみ/古紙/古繊維/金属類,戸棚(金属)80％以上金属製,80％以上金属製 ,と
有料粗大ごみ,戸棚金属部分80％未満　70cm超える,金属部分80％未満　70cm超える ,と
可燃ごみ,戸棚金属部分80％未満　70cm以下,金属部分80％未満　70cm以下 扉や戸がガラスのものは埋立ごみ,と
プラスチックごみ/古紙/古繊維/金属類,トタン板(金属),,と
プラスチックごみ/古紙/古繊維/金属類,ドライバー(金属)80％以上金属製,80％以上金属製 ,と
プラスチックごみ/古紙/古繊維/金属類,ドライバー(埋立)金属部分80％未満,金属部分80％未満 ,と
プラスチックごみ/古紙/古繊維/金属類,ドラム缶(金属),中身残留は収集不可　専門業者で処分,と
プラスチックごみ/古紙/古繊維/金属類,トランク(金属)80％以上金属製,80％以上金属製 ,と
有料粗大ごみ,トランク金属部分80％未満　70cm超える,金属部分80％未満　70cm超える ,と
可燃ごみ,トランク金属部分80％未満　70cm以下,金属部分80％未満　70cm以下 ,と
プラスチックごみ/古紙/古繊維/金属類,トランシーバー(金属),,と
プラスチックごみ/古紙/古繊維/金属類,トランポリン(埋立)子供用遊具,子供用遊具 ,と
プラスチックごみ/古紙/古繊維/金属類,鳥かご(金属)80％以上金属製,80％以上金属製 ,と
可燃ごみ,鳥かご金属部分80％未満,金属部分80％未満 ,と
プラスチックごみ/古紙/古繊維/金属類,塗料容器(金属)80％以上金属製,80％以上金属製 中身残留は収集不可　専門業者で処分,と
可燃ごみ,塗料容器プラスチック製,プラスチック製 中身残留は収集不可　専門業者で処分,と
あきびん,ドリンク剤のびん,キャップを外し洗う,と
資源,トレイ(容プラ)食品用,食品用 スーパー等の店頭回収をご利用ください,と
プラスチックごみ/古紙/古繊維/金属類,トレーニング機器(金属)80％以上金属製,80％以上金属製 ,と
プラスチックごみ/古紙/古繊維/金属類,トレーニング機器(金属)電動,電動 ,と
有料粗大ごみ,トレーニング機器金属部分80％未満　電動以外　70cm超える,金属部分80％未満　電動以外　70cm超える ,と
プラスチックごみ/古紙/古繊維/金属類,トレーニング機器(埋立)金属部分80％未満　電動以外　70cm以下,金属部分80％未満　電動以外　70cm以下 プラスチック製、ゴム製のものは可燃ごみへ,と
有料粗大ごみ,ドレッサー70cm超える,70cm超える ,と
プラスチックごみ/古紙/古繊維/金属類,ドレッサー(埋立)70cm以下,70cm以下 ,と
市で収集しない,泥,専門業者で処分,と
資源,トロ箱(容プラ)発砲スチロール製,発砲スチロール製 ,と
プラスチックごみ/古紙/古繊維/金属類,トロ箱(埋立)木製　70cm超える,木製　70cm超える ,と
可燃ごみ,トロ箱木製　70cm以下,木製　70cm以下 ,と
可燃ごみ,トロフィープラスチック製　70cm以下,プラスチック製　70cm以下 ,と
プラスチックごみ/古紙/古繊維/金属類,トロフィー(埋立)プラスチック製　70cmを超える,プラスチック製　70cmを超える ,と
プラスチックごみ/古紙/古繊維/金属類,ナイフ(金属),紙で包み「危険」と表示、他のごみと分ける,な
資源,苗木ポット(容プラ),洗って土を落とす,な
有料粗大ごみ,流し台70cm超える,70cm超える ,な
プラスチックごみ/古紙/古繊維/金属類,流し台(埋立)70cm以下,70cm以下 ,な
プラスチックごみ/古紙/古繊維/金属類,ながもち(金属)80％以上金属製,80％以上金属製 ,な
有料粗大ごみ,ながもち金属部分80％未満　70cm超える,金属部分80％未満　70cm超える ,な
可燃ごみ,ながもち金属部分80％未満　70cm以下,金属部分80％未満　70cm以下 ,な
プラスチックごみ/古紙/古繊維/金属類,ナタ（鉈）(金属),紙で包み「危険」と表示、他のごみと分ける,な
プラスチックごみ/古紙/古繊維/金属類,ナツメ電球(埋立),,な
プラスチックごみ/古紙/古繊維/金属類,鍋(金属)80％以上金属製,80％以上金属製 ,な
プラスチックごみ/古紙/古繊維/金属類,鍋(埋立)金属部分80％未満　耐熱ガラス製、陶磁器製,金属部分80％未満　耐熱ガラス製、陶磁器製 ,な
可燃ごみ,鍋焼きうどんの容器アルミ製,アルミ製 ,な
可燃ごみ,生ごみ,水切りを十分にして,な
プラスチックごみ/古紙/古繊維/金属類,生ごみ処理機(金属)家庭用・電気式,家庭用・電気式 ,な
プラスチックごみ/古紙/古繊維/金属類,なまり(金属)釣り用おもり等,釣り用おもり等 ,な
プラスチックごみ/古紙/古繊維/金属類,波板(金属)80％以上金属製,80％以上金属製 ,な
有料粗大ごみ,波板金属部分80％未満　70cm超える,金属部分80％未満　70cm超える ,な
可燃ごみ,波板金属部分80％未満　70cm以下,金属部分80％未満　70cm以下 ,な
プラスチックごみ/古紙/古繊維/金属類,荷造り用ひもバンド(埋立)70cm超える,70cm超える 70cm以下に裁断で可燃ごみ,に
可燃ごみ,荷造り用ひもバンド70cm以下,70cm以下 ,に
資源,乳酸飲料のカップ容器(容プラ),,に
プラスチックごみ/古紙/古繊維/金属類,人形(埋立)70cm超える,70cm超える ,に
可燃ごみ,人形70cm以下,70cm以下 ,に
プラスチックごみ/古紙/古繊維/金属類,人形ケース(埋立),,に
プラスチックごみ/古紙/古繊維/金属類,ぬいぐるみ(埋立)70cm超える,70cm超える ,ぬ
可燃ごみ,ぬいぐるみ70cm以下,70cm以下 ,ぬ
可燃ごみ,布くず,,ぬ
可燃ごみ,ネクタイ,,ね
可燃ごみ,猫砂紙・木・プラスチック製,紙・木・プラスチック製 袋に可燃表示があるもの、その他は埋立ごみ,ね
プラスチックごみ/古紙/古繊維/金属類,猫砂(埋立)粘土製,粘土製 ,ね
プラスチックごみ/古紙/古繊維/金属類,寝袋(埋立)70cm超える,70cm超える ,ね
可燃ごみ,寝袋70cm以下,70cm以下 ,ね
プラスチックごみ/古紙/古繊維/金属類,ねんど(埋立)学用品,学用品 ,ね
市で収集しない,農機具,専門業者で処分,の
プラスチックごみ/古紙/古繊維/金属類,農薬のびん(埋立)家庭菜園用,家庭菜園用 中身残留は収集不可　専門業者で処分,の
市で収集しない,ノート型パソコン,各製造メーカーで処分または市の資源搬入コーナーに持込み,の
プラスチックごみ/古紙/古繊維/金属類,のこぎり(金属),,の
プラスチックごみ/古紙/古繊維/金属類,ノブ（ドア）(金属),,の
プラスチックごみ/古紙/古繊維/金属類,のみ（鑿）(金属),,の
プラスチックごみ/古紙/古繊維/金属類,海苔の缶(金属)25cm以上,25cm以上 ,の
資源,海苔の缶(あき缶)25cm未満,25cm未満 ,の
プラスチックごみ/古紙/古繊維/金属類,乗り物（子ども用）(金属)80％以上金属製,80％以上金属製 ,の
プラスチックごみ/古紙/古繊維/金属類,乗り物（子ども用）(金属)電動,電動 ,の
可燃ごみ,乗り物（子ども用）金属部分80％未満　電動以外,金属部分80％未満　電動以外 ,の
可燃ごみ,ノンカーボン紙,リサイクル不可,の
プラスチックごみ/古紙/古繊維/金属類,ハードディスクドライブ（ＨＤＤ）(金属),,は
プラスチックごみ/古紙/古繊維/金属類,バーベキューコンロ(金属),,は
プラスチックごみ/古紙/古繊維/金属類,バーベル(金属),,は
プラスチックごみ/古紙/古繊維/金属類,ハーモニカ(金属),,は
市で収集しない,バイク,廃棄二輪取扱店または指定引取窓口へ,は
プラスチックごみ/古紙/古繊維/金属類,灰皿(金属)80％以上金属製,80％以上金属製 ,は
プラスチックごみ/古紙/古繊維/金属類,灰皿(埋立)金属部分80％未満　ガラス製・陶磁器製,金属部分80％未満　ガラス製・陶磁器製 ,は
プラスチックごみ/古紙/古繊維/金属類,パイプいす(金属)80％以上金属製,80％以上金属製 ,は
有料粗大ごみ,パイプいす金属部分80％未満　70cm超える,金属部分80％未満　70cm超える ,は
可燃ごみ,パイプいす金属部分80％未満　70cm以下,金属部分80％未満　70cm以下 ,は
可燃ごみ,廃油処理箱,,は
可燃ごみ,バインダー,金具類はなるべく外し金属ごみへ,は
プラスチックごみ/古紙/古繊維/金属類,はかり(金属)料理用,料理用 ,は
可燃ごみ,はきもの,スキー靴は埋立ごみ,は
プラスチックごみ/古紙/古繊維/金属類,剥製（はくせい）(埋立)70cm超える,70cm超える ,は
可燃ごみ,剥製（はくせい）70cm以下,70cm以下 ,は
プラスチックごみ/古紙/古繊維/金属類,白熱球(埋立),,は
プラスチックごみ/古紙/古繊維/金属類,バケツ(金属)80％以上金属製,80％以上金属製 ,は
可燃ごみ,バケツプラスチック製,プラスチック製 ,は
プラスチックごみ/古紙/古繊維/金属類,はさみ(金属)80％以上金属製,80％以上金属製 ,は
可燃ごみ,はさみプラスチック製,プラスチック製 ,は
プラスチックごみ/古紙/古繊維/金属類,はさみ(埋立)金属部分80％未満　プラスチック製以外,金属部分80％未満　プラスチック製以外 ,は
プラスチックごみ/古紙/古繊維/金属類,はしご(金属)80％以上金属製,80％以上金属製 ,は
有料粗大ごみ,はしご金属部分80％未満　70cm超える,金属部分80％未満　70cm超える ,は
可燃ごみ,はしご金属部分80％未満　70cm以下,金属部分80％未満　70cm以下 ,は
プラスチックごみ/古紙/古繊維/金属類,バスケットゴール(金属)80％以上金属製,80％以上金属製 ,は
有料粗大ごみ,バスケットゴール金属部分80％未満　70cm超える,金属部分80％未満　70cm超える ,は
可燃ごみ,バスケットゴール金属部分80％未満　70cm以下,金属部分80％未満　70cm以下 ,は
有料粗大ごみ,バスマット70cm超える,70cm超える 広げた状態の大きさで区分,は
可燃ごみ,バスマット70cm以下,70cm以下 広げた状態の大きさで区分,は
市で収集しない,パソコンデスクトップ型　ノート型,デスクトップ型　ノート型 各製造メーカーで処分または市の資源搬入コーナーに持込み,は
市で収集しない,パソコン本体　ディスプレイ,本体　ディスプレイ 各製造メーカーで処分または市の資源搬入コーナーに持込み,は
プラスチックごみ/古紙/古繊維/金属類,パソコン机(金属)80％以上金属製,80％以上金属製 ,は
有料粗大ごみ,パソコン机金属部分80％未満　70cm超える,金属部分80％未満　70cm超える ,は
可燃ごみ,パソコン机金属部分80％未満　70cm以下,金属部分80％未満　70cm以下 ,は
プラスチックごみ/古紙/古繊維/金属類,パソコン用キーボード(金属),,は
プラスチックごみ/古紙/古繊維/金属類,パソコン用プリンター(金属),,は
プラスチックごみ/古紙/古繊維/金属類,パソコン用ラック(金属)80％以上金属製,80％以上金属製 ,は
有料粗大ごみ,パソコン用ラック金属部分80％未満　70cm超える,金属部分80％未満　70cm超える ,は
可燃ごみ,パソコン用ラック金属部分80％未満　70cm以下,金属部分80％未満　70cm以下 ,は
プラスチックごみ/古紙/古繊維/金属類,パチンコ・スロット台(金属)個人用,個人用 ,は
市で収集しない,発炎筒,購入店または専門業者で処分,は
市で収集しない,バッテリー車用,車用 購入先へ持参,は
資源,バッテリー(水銀)携帯電話　電気製品,携帯電話　電気製品 なるべく販売店で引取,は
プラスチックごみ/古紙/古繊維/金属類,バット(金属)80％以上金属製,80％以上金属製 ,は
プラスチックごみ/古紙/古繊維/金属類,バット(埋立)金属部分80％未満　70cm超える,金属部分80％未満　70cm超える ,は
可燃ごみ,バット金属部分80％未満　70cm以下,金属部分80％未満　70cm以下 ,は
資源,発泡スチロールの緩衝材(容プラ),,は
資源,発泡スチロールの箱(容プラ),,は
資源,発泡スチロールの容器(容プラ),,は
資源,発泡トレイ(容プラ),スーパー等の店頭回収をご利用ください,は
プラスチックごみ/古紙/古繊維/金属類,花台(金属)80％以上金属製,80％以上金属製 ,は
プラスチックごみ/古紙/古繊維/金属類,花台(埋立)金属部分80％未満　70cm超える,金属部分80％未満　70cm超える ,は
可燃ごみ,花台金属部分80％未満　70cm以下,金属部分80％未満　70cm以下 ,は
可燃ごみ,花火,水で湿らせて,は
プラスチックごみ/古紙/古繊維/金属類,パネルヒーター(金属),,は
プラスチックごみ/古紙/古繊維/金属類,歯ブラシ(金属)電動,電動 電池はとる,は
可燃ごみ,歯ブラシプラスチック製,プラスチック製 ,は
可燃ごみ,歯磨き粉のチューブ,キャップは資源（容プラ）,は
プラスチックごみ/古紙/古繊維/金属類,針(金属),紙で包み「危険」と表示、他のごみと分ける,は
プラスチックごみ/古紙/古繊維/金属類,針金(金属),,は
プラスチックごみ/古紙/古繊維/金属類,ハロゲンストーブ(金属),,は
プラスチックごみ/古紙/古繊維/金属類,ハンガー(金属)80％以上金属製,80％以上金属製 ,は
可燃ごみ,ハンガー金属部分80％未満,金属部分80％未満 ,は
プラスチックごみ/古紙/古繊維/金属類,ハンガースタンド(金属)80％以上金属製,80％以上金属製 ,は
有料粗大ごみ,ハンガースタンド金属部分80％未満　70cm超える,金属部分80％未満　70cm超える ,は
可燃ごみ,ハンガースタンド金属部分80％未満　70cm以下,金属部分80％未満　70cm以下 ,は
可燃ごみ,ハンカチ,,は
プラスチックごみ/古紙/古繊維/金属類,飯ごう(金属),,は
プラスチックごみ/古紙/古繊維/金属類,パンツプレス(金属),,は
可燃ごみ,ハンドバッグ革製,革製 ,は
可燃ごみ,パンフレット,各校下・地区の集団回収もご利用ください,は
可燃ごみ,ハンマーゴム製,ゴム製 ,は
プラスチックごみ/古紙/古繊維/金属類,ハンマー(金属)80％以上金属製,80％以上金属製 ,は
プラスチックごみ/古紙/古繊維/金属類,ハンマー(埋立)ゴム製以外　金属部分80％未満　70cm超える,ゴム製以外　金属部分80％未満　70cm超える ,は
可燃ごみ,ハンマーゴム製以外　金属部分80％未満　70cm以下,ゴム製以外　金属部分80％未満　70cm以下 ,は
プラスチックごみ/古紙/古繊維/金属類,ＰＰバンド(埋立)70cm超える,70cm超える 70cm以下に裁断で可燃ごみ,ひ
可燃ごみ,ＰＰバンド70cm以下,70cm以下 ,ひ
可燃ごみ,ピアニカ,,ひ
市で収集しない,ピアノ,購入店または専門業者で処分,ひ
可燃ごみ,ビーズ,,ひ
プラスチックごみ/古紙/古繊維/金属類,ビーチパラソル(金属)80％以上金属製,80％以上金属製 ,ひ
プラスチックごみ/古紙/古繊維/金属類,ビーチパラソル(埋立)金属部分80％未満,金属部分80％未満 ,ひ
あきびん,ビールびん,酒屋さんなどへ返却,ひ
プラスチックごみ/古紙/古繊維/金属類,ビー玉(埋立),,ひ
可燃ごみ,ひげそり手動式,手動式 ,ひ
プラスチックごみ/古紙/古繊維/金属類,ひげそり(金属)電気,電気 電池はとる,ひ
プラスチックごみ/古紙/古繊維/金属類,ＶＩＣＳ（ビックス）ユニット(金属),,ひ
プラスチックごみ/古紙/古繊維/金属類,ビデオカメラ(金属),電池はとる,ひ
可燃ごみ,ビデオテープ,,ひ
プラスチックごみ/古紙/古繊維/金属類,ビデオデッキ(金属),,ひ
プラスチックごみ/古紙/古繊維/金属類,ビニールシート(埋立)家庭菜園用　70cm超える,家庭菜園用　70cm超える ,ひ
可燃ごみ,ビニールシート家庭菜園用　70cm以下,家庭菜園用　70cm以下 ,ひ
プラスチックごみ/古紙/古繊維/金属類,ビニールホース(埋立)70cm超える,70cm超える ,ひ
可燃ごみ,ビニールホース70cm以下,70cm以下 ,ひ
有料粗大ごみ,ビニールロッカー70cm超える,70cm超える ,ひ
プラスチックごみ/古紙/古繊維/金属類,ビニールロッカー(埋立)70cm以下,70cm以下 ,ひ
プラスチックごみ/古紙/古繊維/金属類,火鉢(埋立),,ひ
可燃ごみ,肥料袋,,ひ
プラスチックごみ/古紙/古繊維/金属類,百円ライター(ライター),ガスを使い切り、専用のコンテナへ,ひ
有料粗大ごみ,屏風70cm超える,70cm超える ,ひ
可燃ごみ,屏風70cm以下,70cm以下 ,ひ
プラスチックごみ/古紙/古繊維/金属類,ファクシミリ(金属),,ふ
プラスチックごみ/古紙/古繊維/金属類,ファンシーケース(金属)80％以上金属製,80％以上金属製 ,ふ
有料粗大ごみ,ファンシーケース金属部分80％未満　70cm超える,金属部分80％未満　70cm超える ,ふ
可燃ごみ,ファンシーケース金属部分80％未満　70cm以下,金属部分80％未満　70cm以下 ,ふ
プラスチックごみ/古紙/古繊維/金属類,ファンヒーター(金属),油を抜いて電池を取る,ふ
可燃ごみ,フィルムのネガ,,ふ
可燃ごみ,ブーツ革製,革製 ,ふ
可燃ごみ,封筒,各校下・地区の集団回収もご利用ください（窓付き封筒はセロファンを取る）,ふ
プラスチックごみ/古紙/古繊維/金属類,フォーク(金属)80％以上金属製,80％以上金属製 紙で包み「危険」と表示、他のごみと分ける,ふ
可燃ごみ,フォークプラスチック製,プラスチック製 ,ふ
プラスチックごみ/古紙/古繊維/金属類,フォトプリンター(金属),,ふ
可燃ごみ,腹膜透析パック,汚物はトイレへ,ふ
有料粗大ごみ,ふすま70cm超える,70cm超える 増改築に伴うものは請負業者で処分,ふ
可燃ごみ,ふすま70cm以下,70cm以下 増改築に伴うものは請負業者で処分,ふ
資源,プチプチ(容プラ)緩衝材,緩衝材 ,ふ
有料粗大ごみ,仏壇（供養済のもの）70cm超える,70cm超える 増改築に伴うものは請負業者で処分,ふ
プラスチックごみ/古紙/古繊維/金属類,仏壇（供養済のもの）(埋立)70cm以下,70cm以下 ,ふ
プラスチックごみ/古紙/古繊維/金属類,筆箱(金属)80％以上金属製,80％以上金属製 ,ふ
可燃ごみ,筆箱金属部分80％未満,金属部分80％未満 ,ふ
有料粗大ごみ,ふとん70cm超える,70cm超える 広げた状態の大きさで区分,ふ
可燃ごみ,ふとん70cm以下,70cm以下 広げた状態の大きさで区分,ふ
可燃ごみ,ふとん圧縮袋,,ふ
プラスチックごみ/古紙/古繊維/金属類,ふとん乾燥機(金属),,ふ
プラスチックごみ/古紙/古繊維/金属類,ふとんたたき(金属)80％以上金属製,80％以上金属製 ,ふ
可燃ごみ,ふとんたたき金属部分80％未満,金属部分80％未満 ,ふ
プラスチックごみ/古紙/古繊維/金属類,フライパン(金属),,ふ
プラスチックごみ/古紙/古繊維/金属類,ブラインド(金属)80％以上金属製,80％以上金属製 ,ふ
プラスチックごみ/古紙/古繊維/金属類,ブラインド(埋立)金属部分80％未満,金属部分80％未満 １辺70cm以下に裁断すれば、可燃ごみ,ふ
プラスチックごみ/古紙/古繊維/金属類,プラグ・ジャック(金属),,ふ
プラスチックごみ/古紙/古繊維/金属類,ぶらさがり健康器(金属)80％以上金属製,80％以上金属製 ,ふ
プラスチックごみ/古紙/古繊維/金属類,ぶらさがり健康器(埋立)金属部分80％未満,金属部分80％未満 ,ふ
資源,プラスチック製容器・包装(容プラ),,ふ
市で収集しない,プラズマテレビ,郵便局で家電リサイクル券を購入、指定引取場所へ,ふ
プラスチックごみ/古紙/古繊維/金属類,フラワースタンド(金属)80％以上金属製,80％以上金属製 ,ふ
プラスチックごみ/古紙/古繊維/金属類,フラワースタンド(埋立)金属部分80％未満　70cm超える,金属部分80％未満　70cm超える ,ふ
可燃ごみ,フラワースタンド金属部分80％未満　70cm以下,金属部分80％未満　70cm以下 ,ふ
プラスチックごみ/古紙/古繊維/金属類,ブランコ(金属)80％以上金属製,80％以上金属製 ,ふ
有料粗大ごみ,ブランコ金属部分80％未満　70cm超える,金属部分80％未満　70cm超える ,ふ
可燃ごみ,ブランコ金属部分80％未満　70cm以下,金属部分80％未満　70cm以下 ,ふ
可燃ごみ,プランター,70cm超のものは埋立ごみ,ふ
プラスチックごみ/古紙/古繊維/金属類,プリンター(金属),,ふ
プラスチックごみ/古紙/古繊維/金属類,ブルーレイディスクレコーダー/プレーヤー(金属),,ふ
可燃ごみ,古着綿製品,綿製品 各校下・地区の集団回収もご利用ください（洗って、たたんで束ねる）,ふ
プラスチックごみ/古紙/古繊維/金属類,プレーヤー(金属),,ふ
プラスチックごみ/古紙/古繊維/金属類,フロアスタンド(金属),,ふ
可燃ごみ,風呂椅子,,ふ
プラスチックごみ/古紙/古繊維/金属類,風呂桶（浴槽）(金属)80％以上金属製,80％以上金属製 ,ふ
有料粗大ごみ,風呂桶（浴槽）金属部分80％未満　70cm超える,金属部分80％未満　70cm超える ,ふ
可燃ごみ,風呂桶（浴槽）金属部分80％未満　70cm以下,金属部分80％未満　70cm以下 ,ふ
プラスチックごみ/古紙/古繊維/金属類,風呂がま(金属),増改築に伴うものは請負業者で処分,ふ
プラスチックごみ/古紙/古繊維/金属類,プロジェクター(金属)プロジェクションテレビ含む,プロジェクションテレビ含む ,ふ
プラスチックごみ/古紙/古繊維/金属類,ブロック(埋立),小さく割る　量が多い場合は有料多量ごみへ,ふ
可燃ごみ,フロッピーディスク,,ふ
プラスチックごみ/古紙/古繊維/金属類,風呂のふた(埋立),70cm以下に裁断で可燃ごみ,ふ
市で収集しない,プロパンガスボンベ,購入先へ持参,ふ
有料粗大ごみ,風呂マット70cm超える,70cm超える 広げた状態の大きさで区分,ふ
可燃ごみ,風呂マット70cm以下,70cm以下 広げた状態の大きさで区分,ふ
プラスチックごみ/古紙/古繊維/金属類,噴霧器(金属)80％以上金属製,80％以上金属製 ,ふ
プラスチックごみ/古紙/古繊維/金属類,噴霧器(埋立)金属部分80％未満,金属部分80％未満 ,ふ
プラスチックごみ/古紙/古繊維/金属類,文鎮(金属)80％以上金属製,80％以上金属製 ,ふ
プラスチックごみ/古紙/古繊維/金属類,文鎮(埋立)金属部分80％未満,金属部分80％未満 ,ふ
可燃ごみ,ヘアーカーラー,,へ
プラスチックごみ/古紙/古繊維/金属類,ヘアードライヤー(金属),,へ
プラスチックごみ/古紙/古繊維/金属類,ヘアーブラシ(金属)80％以上金属製,80％以上金属製 ,へ
可燃ごみ,ヘアーブラシ金属部分80％未満,金属部分80％未満 ,へ
プラスチックごみ/古紙/古繊維/金属類,ベッド(金属)80％以上金属製,80％以上金属製 ,へ
有料粗大ごみ,ベッド金属部分80％未満　70cm超える,金属部分80％未満　70cm超える マットレスを除く（ベッドと一体の場合ベッド扱い）,へ
可燃ごみ,ベッド金属部分80％未満　70cm以下,金属部分80％未満　70cm以下 ,へ
プラスチックごみ/古紙/古繊維/金属類,ペット小屋(金属)80％以上金属製,80％以上金属製 ,へ
有料粗大ごみ,ペット小屋金属部分80％未満　70cm超える,金属部分80％未満　70cm超える ,へ
可燃ごみ,ペット小屋金属部分80％未満　70cm以下,金属部分80％未満　70cm以下 ,へ
可燃ごみ,ペットシーツ,汚物はトイレへ,へ
可燃ごみ,ペットのフン,汚物はトイレへ,へ
資源,ペットボトル(ペット),キャップを外し洗う,へ
資源,ペットボトルのキャップ(容プラ)プラスチック製,プラスチック製 ,へ
資源,ペットボトルのラベル(容プラ),,へ
プラスチックごみ/古紙/古繊維/金属類,ヘッドホン(金属),,へ
有料粗大ごみ,ベッドマットレス70cm超える,70cm超える ,へ
可燃ごみ,ベッドマットレス70cm以下,70cm以下 スプリング入りは、埋立ごみ,へ
有料粗大ごみ,ベニヤ板70cm超える,70cm超える ,へ
可燃ごみ,ベニヤ板70cm以下,70cm以下 ,へ
有料粗大ごみ,ベビーカー70cm超える,70cm超える ,へ
プラスチックごみ/古紙/古繊維/金属類,ベビーカー(埋立)70cm以下,70cm以下 ,へ
プラスチックごみ/古紙/古繊維/金属類,ベビーシート(埋立),,へ
プラスチックごみ/古紙/古繊維/金属類,ベビーチェアー(埋立),,へ
有料粗大ごみ,ベビーバス70cm超える,70cm超える ,へ
可燃ごみ,ベビーバス70cm以下,70cm以下 ,へ
プラスチックごみ/古紙/古繊維/金属類,ベビーベッド(金属)80％以上金属製,80％以上金属製 ,へ
有料粗大ごみ,ベビーベッド金属部分80％未満　70cm超える,金属部分80％未満　70cm超える ,へ
可燃ごみ,ベビーベッド金属部分80％未満　70cm以下,金属部分80％未満　70cm以下 ,へ
プラスチックごみ/古紙/古繊維/金属類,ベビーラック(埋立),,へ
可燃ごみ,ベビー用手押し車,,へ
プラスチックごみ/古紙/古繊維/金属類,ベランダ収納庫(金属)80％以上金属製,80％以上金属製 ,へ
有料粗大ごみ,ベランダ収納庫金属部分80％未満　70cm超える,金属部分80％未満　70cm超える ,へ
可燃ごみ,ベランダ収納庫金属部分80％未満　70cm以下,金属部分80％未満　70cm以下 ,へ
プラスチックごみ/古紙/古繊維/金属類,ヘルスメーター(金属),,へ
可燃ごみ,ベルト,金属部分は取り外し金属ごみへ,へ
プラスチックごみ/古紙/古繊維/金属類,ヘルメット(埋立)オートバイ用,オートバイ用 ,へ
可燃ごみ,ヘルメットオートバイ用以外,オートバイ用以外 ,へ
市で収集しない,ペンキ,専門業者で処分,へ
プラスチックごみ/古紙/古繊維/金属類,便座(金属)電動,電動 ,へ
可燃ごみ,便座電動以外,電動以外 ,へ
プラスチックごみ/古紙/古繊維/金属類,ベンチ（椅子）(金属)80％以上金属製,80％以上金属製 ,へ
有料粗大ごみ,ベンチ（椅子）金属部分80％未満　70cm超える,金属部分80％未満　70cm超える ,へ
可燃ごみ,ベンチ（椅子）金属部分80％未満　70cm以下,金属部分80％未満　70cm以下 ,へ
プラスチックごみ/古紙/古繊維/金属類,ベンチプレスマシン(金属),,へ
プラスチックごみ/古紙/古繊維/金属類,ホイール(金属)自動車用・アルミ・スチール製,自動車用・アルミ・スチール製 ,ほ
プラスチックごみ/古紙/古繊維/金属類,望遠鏡(埋立),,ほ
プラスチックごみ/古紙/古繊維/金属類,ほうき(埋立)70cm超える,70cm超える ,ほ
可燃ごみ,ほうき70cm以下,70cm以下 ,ほ
資源,包装用フィルム(容プラ),,ほ
プラスチックごみ/古紙/古繊維/金属類,包丁(金属)80％以上金属製,80％以上金属製 紙で包み「危険」と表示、他のごみと分ける,ほ
プラスチックごみ/古紙/古繊維/金属類,包丁(埋立)金属部分80％未満,金属部分80％未満 紙で包み「危険」と表示、他のごみと分ける,ほ
プラスチックごみ/古紙/古繊維/金属類,ボウリングのボール(埋立),,ほ
プラスチックごみ/古紙/古繊維/金属類,ボウル(金属)80％以上金属製,80％以上金属製 ,ほ
プラスチックごみ/古紙/古繊維/金属類,ボウル(埋立)耐熱ガラス製,耐熱ガラス製 ,ほ
可燃ごみ,ボウル耐熱ガラス製以外,耐熱ガラス製以外 ,ほ
プラスチックごみ/古紙/古繊維/金属類,ホース(埋立)70cm超える,70cm超える ,ほ
可燃ごみ,ホース70cm以下,70cm以下 ,ほ
プラスチックごみ/古紙/古繊維/金属類,ホースリール(金属)80％以上金属製,80％以上金属製 ,ほ
可燃ごみ,ホースリール金属部分80％未満,金属部分80％未満 ,ほ
プラスチックごみ/古紙/古繊維/金属類,ポータブルコピー機(金属),,ほ
可燃ごみ,ポータブルトイレ,汚物はトイレへ,ほ
プラスチックごみ/古紙/古繊維/金属類,ホームベーカリー(金属),,ほ
プラスチックごみ/古紙/古繊維/金属類,ホームラック(金属)80％以上金属製,80％以上金属製 ,ほ
有料粗大ごみ,ホームラック金属部分80％未満　70cm超える,金属部分80％未満　70cm超える ,ほ
可燃ごみ,ホームラック金属部分80％未満　70cm以下,金属部分80％未満　70cm以下 扉や戸がガラスのものは埋立ごみ,ほ
可燃ごみ,ボール球技用など,球技用など ,ほ
可燃ごみ,ボールペン,,ほ
プラスチックごみ/古紙/古繊維/金属類,ホーロー鍋(金属),,ほ
プラスチックごみ/古紙/古繊維/金属類,木刀(埋立)70cm超える,70cm超える ,ほ
可燃ごみ,木刀70cm以下,70cm以下 ,ほ
プラスチックごみ/古紙/古繊維/金属類,歩行器(金属)80％以上金属製,80％以上金属製 ,ほ
プラスチックごみ/古紙/古繊維/金属類,歩行器(埋立)金属部分80％未満,金属部分80％未満 ,ほ
資源,ボタン電池(水銀),電池リサイクル協力店でも回収,ほ
プラスチックごみ/古紙/古繊維/金属類,ポット(金属)電動,電動 ,ほ
プラスチックごみ/古紙/古繊維/金属類,ポット(金属)80％以上金属製,80％以上金属製 ,ほ
プラスチックごみ/古紙/古繊維/金属類,ポット(埋立)ガラス製・陶磁器製,ガラス製・陶磁器製 ,ほ
可燃ごみ,ポット電動以外、金属部分80％未満、ガラス製・陶磁器製以外,電動以外、金属部分80％未満、ガラス製・陶磁器製以外 ,ほ
プラスチックごみ/古紙/古繊維/金属類,ホットカーペット(金属),上敷きは有料粗大ごみ,ほ
プラスチックごみ/古紙/古繊維/金属類,ホットプレート(金属),,ほ
プラスチックごみ/古紙/古繊維/金属類,ホッピング(金属)80％以上金属製,80％以上金属製 ,ほ
可燃ごみ,ホッピング金属部分80％未満,金属部分80％未満 ,ほ
プラスチックごみ/古紙/古繊維/金属類,ボディーボード(埋立)70cm超える,70cm超える ,ほ
可燃ごみ,ボディーボード70cm以下,70cm以下 ,ほ
プラスチックごみ/古紙/古繊維/金属類,ほ乳びん(埋立)ガラス製,ガラス製 ,ほ
可燃ごみ,ほ乳びんガラス製以外,ガラス製以外 ,ほ
可燃ごみ,ポリタンク,中身を抜く,ほ
プラスチックごみ/古紙/古繊維/金属類,ポリバケツ(埋立)70cm超える,70cm超える ,ほ
可燃ごみ,ポリバケツ70cm以下,70cm以下 ,ほ
可燃ごみ,保冷剤,,ほ
プラスチックごみ/古紙/古繊維/金属類,ホワイトボード(埋立),,ほ
プラスチックごみ/古紙/古繊維/金属類,本棚(金属)80％以上金属製,80％以上金属製 ,ほ
有料粗大ごみ,本棚金属部分80％未満　70cm超える,金属部分80％未満　70cm超える ,ほ
可燃ごみ,本棚金属部分80％未満　70cm以下,金属部分80％未満　70cm以下 扉や戸がガラスのものは埋立ごみ,ほ
可燃ごみ,マージャンパイ,,ま
プラスチックごみ/古紙/古繊維/金属類,マイク(金属),,ま
プラスチックごみ/古紙/古繊維/金属類,マガジンラック(金属)80％以上金属製,80％以上金属製 ,ま
有料粗大ごみ,マガジンラック金属部分80％未満　70cm超える,金属部分80％未満　70cm超える ,ま
可燃ごみ,マガジンラック金属部分80％未満　70cm以下,金属部分80％未満　70cm以下 ,ま
プラスチックごみ/古紙/古繊維/金属類,枕(埋立)70cm超える,70cm超える ,ま
可燃ごみ,枕70cm以下,70cm以下 ,ま
プラスチックごみ/古紙/古繊維/金属類,マッサージ機(金属)いす型,いす型 ,ま
可燃ごみ,マッチ,水で湿らせて,ま
有料粗大ごみ,マット70cm超える,70cm超える 広げた状態の大きさで区分,ま
可燃ごみ,マット繊維製・ゴム製　70cm以下,繊維製・ゴム製　70cm以下 広げた状態の大きさで区分,ま
有料粗大ごみ,マットレス70cm超える,70cm超える 広げた状態の大きさで区分,ま
可燃ごみ,マットレス70cm以下,70cm以下 スプリング入りは、埋立ごみ,ま
プラスチックごみ/古紙/古繊維/金属類,窓用換気扇(金属),窓用エアコンは郵便局で家電リサイクル券を購入、指定引取場所へ,ま
可燃ごみ,まな板,,ま
可燃ごみ,マフラー（えりまき）,,ま
可燃ごみ,マヨネーズのチューブ,キャップは資源（容プラ）,ま
プラスチックごみ/古紙/古繊維/金属類,マルチシート(埋立)家庭菜園用　70cm超,家庭菜園用　70cm超 70cm以下に裁断で可燃ごみ,ま
可燃ごみ,マルチシート家庭菜園用　70cm以下,家庭菜園用　70cm以下 ,ま
プラスチックごみ/古紙/古繊維/金属類,マレットゴルフスティック(埋立),,ま
プラスチックごみ/古紙/古繊維/金属類,ミキサー(金属),,み
プラスチックごみ/古紙/古繊維/金属類,ミシン(金属),,み
可燃ごみ,密封容器プラスチック製,プラスチック製 ,み
プラスチックごみ/古紙/古繊維/金属類,密封容器(埋立)ガラス製,ガラス製 ,み
プラスチックごみ/古紙/古繊維/金属類,密封容器(金属)ステンレス製,ステンレス製 ,み
プラスチックごみ/古紙/古繊維/金属類,ミニコンポ(金属),,み
可燃ごみ,虫かご,,む
プラスチックごみ/古紙/古繊維/金属類,虫めがね(埋立),プラスチックレンズは、可燃ごみ,む
プラスチックごみ/古紙/古繊維/金属類,むしろ(埋立)70cm超える,70cm超える 広げた状態の大きさで区分,む
可燃ごみ,むしろ70cm以下,70cm以下 広げた状態の大きさで区分,む
可燃ごみ,めがねプラスチックレンズ,プラスチックレンズ ,め
プラスチックごみ/古紙/古繊維/金属類,めがね(埋立)ガラスレンズ,ガラスレンズ ,め
プラスチックごみ/古紙/古繊維/金属類,めがねケース(金属)80％以上金属製,80％以上金属製 ,め
可燃ごみ,めがねケース金属部分80％未満,金属部分80％未満 ,め
プラスチックごみ/古紙/古繊維/金属類,メモリー類(金属)ＳＤカード、ＵＳＢメモリなど,ＳＤカード、ＵＳＢメモリなど ,め
プラスチックごみ/古紙/古繊維/金属類,面(金属)野球・剣道用,野球・剣道用 金属でないものは埋立ごみ,め
有料粗大ごみ,毛布70cm超える,70cm超える 広げた状態の大きさで区分,も
可燃ごみ,毛布70cm以下,70cm以下 広げた状態の大きさで区分,も
プラスチックごみ/古紙/古繊維/金属類,餅つき機(金属),,も
プラスチックごみ/古紙/古繊維/金属類,モップ(埋立),,も
プラスチックごみ/古紙/古繊維/金属類,モデム(金属),,も
プラスチックごみ/古紙/古繊維/金属類,物置(金属)小型,小型 ,も
プラスチックごみ/古紙/古繊維/金属類,物干し(埋立)室内用,室内用 ,も
プラスチックごみ/古紙/古繊維/金属類,物干しざお(金属)80％以上金属製,80％以上金属製 ,も
有料粗大ごみ,物干しざお金属部分80％未満　70cm超える,金属部分80％未満　70cm超える ,も
可燃ごみ,物干しざお金属部分80％未満　70cm以下,金属部分80％未満　70cm以下 ,も
プラスチックごみ/古紙/古繊維/金属類,物干し台(金属)80％以上金属製,80％以上金属製 ,も
有料粗大ごみ,物干し台金属部分80％未満　70cm超える,金属部分80％未満　70cm超える 支柱１本、台座１台まで１点,も
プラスチックごみ/古紙/古繊維/金属類,物干し台(埋立)金属部分80％未満　70cm以下,金属部分80％未満　70cm以下 ,も
プラスチックごみ/古紙/古繊維/金属類,物干し台(埋立)台座のみ,台座のみ ,も
プラスチックごみ/古紙/古繊維/金属類,やかん(金属)80％以上金属製,80％以上金属製 ,や
可燃ごみ,焼き鳥の串,先を折って危なくないように,や
プラスチックごみ/古紙/古繊維/金属類,薬品のびん(埋立),,や
市で収集しない,薬品類,専門業者で処分,や
プラスチックごみ/古紙/古繊維/金属類,薬品容器(埋立)ガラス製,ガラス製 キャップを外す,や
資源,薬品容器(容プラ)プラスチック製,プラスチック製 キャップを外す,や
プラスチックごみ/古紙/古繊維/金属類,薬品容器(金属)80％以上金属製,80％以上金属製 キャップを外す,や
資源,野菜のトレイ(容プラ),スーパー等の店頭回収をご利用ください,や
資源,野菜の包装フィルム(容プラ),,や
可燃ごみ,輸液チューブ在宅治療用,在宅治療用 ,ゆ
プラスチックごみ/古紙/古繊維/金属類,床暖房パネル(金属),,ゆ
プラスチックごみ/古紙/古繊維/金属類,湯たんぽ(金属)80％以上金属製,80％以上金属製 ,ゆ
可燃ごみ,湯たんぽ金属部分80％未満,金属部分80％未満 ,ゆ
プラスチックごみ/古紙/古繊維/金属類,湯飲み茶碗(埋立),,ゆ
プラスチックごみ/古紙/古繊維/金属類,ゆりかご(埋立)70cm超える,70cm超える ,ゆ
可燃ごみ,ゆりかご70cm以下,70cm以下 ,ゆ
プラスチックごみ/古紙/古繊維/金属類,湯沸かし器(金属),電池はとる,ゆ
資源,ヨーグルトのカップ容器(容プラ)プラスチック製,プラスチック製 ,よ
可燃ごみ,ヨーグルトのカップ容器プラスチック製以外,プラスチック製以外 ,よ
有料粗大ごみ,洋だんす70cm超える,70cm超える ,よ
可燃ごみ,洋だんす70cm以下,70cm以下 ,よ
プラスチックごみ/古紙/古繊維/金属類,浴槽(金属)80％以上金属製,80％以上金属製 ,よ
有料粗大ごみ,浴槽金属部分80％未満　70cm超える,金属部分80％未満　70cm超える ,よ
プラスチックごみ/古紙/古繊維/金属類,浴槽(埋立)金属部分80％未満　70cm以下,金属部分80％未満　70cm以下 ,よ
プラスチックごみ/古紙/古繊維/金属類,よしず(埋立)70cm超える,70cm超える ,よ
可燃ごみ,よしず70cm以下,70cm以下 ,よ
プラスチックごみ/古紙/古繊維/金属類,ライター(ライター),ガスを使い切り、専用のコンテナへ,ら
プラスチックごみ/古紙/古繊維/金属類,ライティングデスク(金属)80％以上金属製,80％以上金属製 ,ら
有料粗大ごみ,ライティングデスク金属部分80％未満　70cm超える,金属部分80％未満　70cm超える ,ら
可燃ごみ,ライティングデスク金属部分80％未満　70cm以下,金属部分80％未満　70cm以下 ,ら
プラスチックごみ/古紙/古繊維/金属類,ラケット(埋立),,ら
プラスチックごみ/古紙/古繊維/金属類,ラジオ(金属),電池はとる,ら
プラスチックごみ/古紙/古繊維/金属類,ラジカセ(金属),電池はとる,ら
プラスチックごみ/古紙/古繊維/金属類,ラジコンカー(金属),電池はとる,ら
可燃ごみ,ラップの芯,,ら
プラスチックごみ/古紙/古繊維/金属類,ランタン(金属)電動,電動 ,ら
プラスチックごみ/古紙/古繊維/金属類,ランタン(埋立)電動以外,電動以外 油は抜く,ら
可燃ごみ,ランチジャープラスチック製,プラスチック製 ,ら
プラスチックごみ/古紙/古繊維/金属類,ランチジャー(埋立)プラスチック製以外,プラスチック製以外 ,ら
可燃ごみ,ランドセル,,ら
プラスチックごみ/古紙/古繊維/金属類,ランニングマシン(金属),,ら
プラスチックごみ/古紙/古繊維/金属類,リール(金属)釣り用,釣り用 ,り
有料粗大ごみ,リビングボード70cm超える,70cm超える ,り
可燃ごみ,リビングボード70cm以下,70cm以下 扉や戸がガラスのものは埋立ごみ,り
プラスチックごみ/古紙/古繊維/金属類,リビングライト(金属),,り
プラスチックごみ/古紙/古繊維/金属類,リモコン(金属)電化製品用,電化製品用 電池はとる,り
プラスチックごみ/古紙/古繊維/金属類,料理用はかり(金属),電池はとる,り
プラスチックごみ/古紙/古繊維/金属類,旅行かばん(金属)80％以上金属製,80％以上金属製 ,り
有料粗大ごみ,旅行かばん金属部分80％未満　70cm超える,金属部分80％未満　70cm超える ,り
可燃ごみ,旅行かばん金属部分80％未満　70cm以下,金属部分80％未満　70cm以下 ,り
有料粗大ごみ,ルーフボックス70cm超える,70cm超える ,る
プラスチックごみ/古紙/古繊維/金属類,ルーフボックス(埋立)70cm以下,70cm以下 ,る
プラスチックごみ/古紙/古繊維/金属類,ルームランナー(金属),,る
資源,冷水器(フロン),「フロン回収製品」または「冷水器」と表示,れ
市で収集しない,冷蔵庫,郵便局で家電リサイクル券を購入、指定引取場所へ,れ
市で収集しない,冷凍庫,郵便局で家電リサイクル券を購入、指定引取場所へ,れ
プラスチックごみ/古紙/古繊維/金属類,冷風機(金属),,れ
プラスチックごみ/古紙/古繊維/金属類,冷風扇(金属),,れ
可燃ごみ,レーザーディスクソフト,ソフト ,れ
プラスチックごみ/古紙/古繊維/金属類,レーザーディスクプレイヤー(金属),,れ
可燃ごみ,レコード,,れ
プラスチックごみ/古紙/古繊維/金属類,レコードプレイヤー(金属),,れ
資源,レジ袋(容プラ)プラスチック製,プラスチック製 ,れ
可燃ごみ,レジ袋プラスチック製以外,プラスチック製以外 ,れ
プラスチックごみ/古紙/古繊維/金属類,レジャーテーブル(金属)80％以上金属製,80％以上金属製 ,れ
有料粗大ごみ,レジャーテーブル金属部分80％未満　70cm超える,金属部分80％未満　70cm超える ,れ
可燃ごみ,レジャーテーブル金属部分80％未満　70cm以下,金属部分80％未満　70cm以下 ,れ
プラスチックごみ/古紙/古繊維/金属類,レンガ(埋立),小さく割る　量が多い場合は有料多量ごみへ,れ
プラスチックごみ/古紙/古繊維/金属類,レンジ台（食器棚）(金属)80％以上金属製,80％以上金属製 ,れ
有料粗大ごみ,レンジ台（食器棚）金属部分80％未満　70cm超える,金属部分80％未満　70cm超える ,れ
可燃ごみ,レンジ台（食器棚）金属部分80％未満　70cm以下,金属部分80％未満　70cm以下 ,れ
プラスチックごみ/古紙/古繊維/金属類,レンジフードファン(金属),,れ
プラスチックごみ/古紙/古繊維/金属類,ロープ(埋立)金属以外　70cm超える,金属以外　70cm超える １辺70cm以下に裁断すれば、可燃ごみ,ろ
可燃ごみ,ロープ金属以外　70cm以下,金属以外　70cm以下 ,ろ
有料粗大ごみ,ローボード70cm超える,70cm超える ,ろ
可燃ごみ,ローボード70cm以下,70cm以下 扉や戸がガラスのものは埋立ごみ,ろ
プラスチックごみ/古紙/古繊維/金属類,ローラースケート(埋立),,ろ
プラスチックごみ/古紙/古繊維/金属類,ローラーブレード(埋立),,ろ
プラスチックごみ/古紙/古繊維/金属類,ロッカー(金属)80％以上金属製,80％以上金属製 ,ろ
有料粗大ごみ,ロッカー金属部分80％未満　70cm超える,金属部分80％未満　70cm超える ,ろ
可燃ごみ,ロッカー金属部分80％未満　70cm以下,金属部分80％未満　70cm以下 ,ろ
プラスチックごみ/古紙/古繊維/金属類,ロッキングチェア(金属)80％以上金属製,80％以上金属製 ,ろ
有料粗大ごみ,ロッキングチェア70cm超える,70cm超える ,ろ
可燃ごみ,ロッキングチェア70cm以下,70cm以下 ,ろ
プラスチックごみ/古紙/古繊維/金属類,ワープロ(金属),「ワープロ」と表示,わ
プラスチックごみ/古紙/古繊維/金属類,ワイヤーロープ(金属),,わ
プラスチックごみ/古紙/古繊維/金属類,ワゴン(金属)80％以上金属製,80％以上金属製 ,わ
有料粗大ごみ,ワゴン金属部分80％未満　70cm超える,金属部分80％未満　70cm超える ,わ
可燃ごみ,ワゴン金属部分80％未満　70cm以下,金属部分80％未満　70cm以下 扉や戸がガラスのものは埋立ごみ,わ
有料粗大ごみ,和だんす70cm超える,70cm超える ,わ
可燃ごみ,和だんす70cm以下,70cm以下 ,わ
プラスチックごみ/古紙/古繊維/金属類,割れたガラス(埋立),紙で包み「危険」と表示、他のごみと分ける,わ
プラスチックごみ/古紙/古繊維/金属類,割れたコップ(埋立),紙で包み「危険」と表示、他のごみと分ける,わ